date,Labour force,Participation rate,Part-time employment,Full-time employment,Employment,Year-ended employment growth,Year-ended employment trend growth,Employment to population ratio,Unemployment,Unemployment rate,Unemployment rate trend,Hours worked,Hours worked trend,Year-ended hours worked trend growth,Average hours worked trend,Job vacancies,Private sector job vacancies,Vacancies to labour force ratio
1978-02-28,6424.298026,61.2460286,918.1082424,5079.3132334,5997.4214758,,,57.1764021,426.8765502,6.644719,6.3038895,,,,,,,
1978-03-31,6406.6857805,60.9658836,907.8182055,5095.0570902,6002.8752958,,,57.1232317,403.8104847,6.3029544,6.2926477,,,,,,,
1978-04-30,6433.9196129,61.1666868,911.2148131,5119.460828,6030.6756412,,,57.3330831,403.2439717,6.2674698,6.2774499,,,,,,,
1978-05-31,6432.5013495,61.0834916,914.333069,5118.7486793,6033.0817484,,,57.2905746,399.4196011,6.2093979,6.2679324,,,,,,,
1978-06-30,6439.7766412,61.0788978,929.6837145,5104.1280542,6033.8117687,,,57.2284712,405.9648725,6.304021,6.2643763,,,,,,,
1978-07-31,6430.5331485,60.9220042,933.8893858,5096.5595695,6030.4489553,,,57.1316605,400.0841931,6.2216333,6.2679631,907131.404106,907734.8791695,,34.6042107162242,,,
1978-08-31,6455.2171023,61.0684253,938.1438426,5098.1277246,6036.2715672,,,57.1050661,418.9455352,6.4900301,6.2763136,910516.538852,908148.1328735,,34.6207096034001,,,
1978-09-30,6433.2241219,60.7658957,923.8190169,5106.9872549,6030.8062718,,,56.964803,402.4178501,6.2553059,6.2852272,908779.977685,908825.6685432,,34.6455994385038,,,
1978-10-31,6432.2223275,60.6911276,928.0344791,5107.7578865,6035.7923656,,,56.9506193,396.4299619,6.1631881,6.2887129,910136.432948,909484.9887495,,34.6581541513459,,,
1978-11-30,6435.5596039,60.638869,924.447359,5103.6643935,6028.1117525,,,56.7997038,407.4478514,6.3311954,6.2930915,908878.200508,910160.050074,,34.6580040437618,,,
1978-12-31,6467.3431101,60.8459824,940.484248,5112.5954614,6053.0797094,,,56.9485143,414.2634007,6.405465,6.2987601,913249.785777,911314.3010242,,34.6723005737904,,,
1979-01-31,6462.7496579,60.7185963,930.5895281,5120.3523916,6050.9419197,,,56.8495949,411.8077382,6.3720206,6.3031552,910983.356749,913547.1117024,,34.7269951286285,,,
1979-02-28,6468.1542654,60.6728407,934.0609662,5129.3682556,6063.4292218,1.1006020881865,0.7866790939818,56.8764226,404.7250436,6.2571953,6.3058988,915870.18197,916740.1121016,,34.8182049573641,,,
1979-03-31,6462.908064,60.514897,931.4418497,5124.0916738,6055.5335236,0.8772167537254,0.76740250431422,56.7004797,407.3745404,6.3032699,6.3036382,917735.495179,920250.8985078,,34.9177768696363,,,
1979-04-30,6486.0928132,60.662671,943.4491119,5121.1511977,6064.6003096,0.56253511908742,0.76974923034279,56.7205657,421.4925036,6.4984038,6.2915832,927199.345743,923387.0270255,,34.9983368318927,,,
1979-05-31,6471.7032873,60.4467536,951.7061377,5118.514162,6070.2202997,0.6155817681378,0.8043154030275,56.6968377,401.4829876,6.203668,6.2737835,926725.019577,925679.3617731,,35.0398670150069,43.5,30.8,0.672156897016029
1979-06-30,6506.0900373,60.6664863,946.2635034,5153.0822697,6099.3457732,1.086112842299,0.9034037259014,56.8737713,406.7442641,6.2517466,6.2502753,947605.740172,927069.8726635,,35.0341995106068,,,
1979-07-31,6505.4210338,60.5922467,948.9974894,5148.4167711,6097.4142605,1.11045306404833,1.09185237693745,56.7920242,408.0067733,6.2717966,6.2232412,922439.605231,927957.3721414,2.22779728266054,34.9930499347707,,,
1979-08-31,6513.2294302,60.5844673,947.9389134,5166.812502,6114.7514154,1.3001377974186,1.34724960648767,56.8779223,398.4780149,6.1179791,6.1967748,929226.852334,928903.5540138,2.28546647721743,34.9412090146093,41.9,30.6,0.643306065739394
1979-09-30,6523.3083564,60.5865895,955.1421757,5161.6239657,6116.7661414,1.42534622612482,1.62997284044248,56.8107437,406.542215,6.2321478,6.1721871,929781.986527,930448.726284,2.37923052673683,34.9010209539295,,,
1979-10-31,6571.5663521,60.9539641,965.9531753,5186.107508,6152.0606833,1.92631407207862,1.89840631866107,57.0628776,419.5056688,6.3836481,6.148687,932709.09676,932560.7317963,2.53723187652917,34.8754344353101,,,
1979-11-30,6578.0399032,60.92144,972.7568118,5207.6426621,6180.3994739,2.526292272814,2.13336707016405,57.2387582,397.6404293,6.0449683,6.1228958,935913.379844,934888.7974478,2.71696690837941,34.8560431972043,38.4,23.6,0.583760520840253
1979-12-31,6587.0181532,60.8998961,972.56754,5211.3143183,6183.8818583,2.16091898966528,2.35204392769268,57.1727227,403.1362949,6.1201637,6.0973551,937943.212184,936988.5859154,2.81728102613394,34.8299021213142,,,
1980-01-31,6610.0753812,61.0401866,987.3662804,5216.3840793,6203.7503598,2.52536616824075,2.5506515113602,57.2880122,406.3250214,6.1470558,6.0847526,941171.886316,938948.0132437,2.78046979908515,34.8048190960111,,,
1980-02-29,6618.8316182,61.0359828,979.3387025,5242.4512918,6221.7899942,2.61173614149963,2.72300482554382,57.3746378,397.041624,5.9986663,6.0897217,940344.925739,941137.6819202,2.6613398384706,34.797303464439,40.6,24.9,0.61340131222497
1980-03-31,6626.1751087,61.0087565,979.9760761,5252.81877,6232.794846,2.92726184586654,2.87673939721846,57.3868117,393.3802627,5.9367623,6.1121368,941918.032423,943872.8565786,2.56690410290317,34.8126145196568,,,
1980-04-30,6653.4361454,61.1774114,985.6089939,5260.9851578,6246.5941516,3.00092063300381,3.02891671421535,57.4365564,406.8419937,6.1147651,6.1468187,939938.851445,946896.2595816,2.54597821585496,34.834285371645,,,
1980-05-31,6685.4683017,61.3794798,964.4135712,5303.4851223,6267.8986935,3.2565275070786,3.17185436527003,57.545761,417.5696082,6.2459291,6.1767978,947894.718334,950071.0383408,2.63500274230797,34.857538127045,36.7,23.2,0.54895182123095
1980-06-30,6698.9625532,61.4037057,992.4743548,5282.8894569,6275.3638117,2.88585112313862,3.25106354460782,57.5209354,423.5987415,6.3233484,6.1880578,980876.088612,953015.3904399,2.79865828255832,34.8806935256206,,,
1980-07-31,6714.4130555,61.4642057,1011.9893981,5294.5776137,6306.5670118,3.4301876560188,3.2350165142314,57.7307546,407.8460437,6.0741876,6.1751732,955883.226987,955356.9031597,2.95267130159993,34.8973448101138,,,
1980-08-31,6731.3622425,61.5256976,1008.6226645,5306.9440083,6315.5666727,3.2841115469428,3.13671077524964,57.7252615,415.7955697,6.17699,6.1374828,953761.671741,956881.9378676,3.0119794173362,34.8989518550124,37.5,24.5,0.557093774618682
1980-09-30,6730.977719,61.4160971,1021.9773898,5295.6618109,6317.6392008,3.28397481212228,2.97447724663442,57.6446333,413.3385182,6.1408392,6.0810418,957801.729953,957699.2365253,2.92874926597324,34.8855224221194,,,
1980-10-31,6713.4442174,61.1581257,1010.5182204,5296.4229997,6306.9412201,2.51753915920283,2.79116024057118,57.4549652,406.5029974,6.0550588,6.0168508,961123.039985,958044.9009933,2.73270880148602,34.8556027754018,,,
1980-11-30,6721.7920625,61.1237538,1030.5470279,5297.9993175,6328.5463453,2.39704362194755,2.63488962689535,57.5478243,393.2457171,5.8503107,5.9514192,956970.309729,958292.0040887,2.50331448026648,34.811358694583,38.7,25.9,0.575739321302458
1980-12-31,6760.4791426,61.3524547,1024.4723306,5326.9248431,6351.3971737,2.70890225975389,2.53005114888878,57.6399689,409.0819689,6.0510795,5.8850562,958529.704511,958635.9990332,2.31031769684273,34.7552577166564,,,
1981-01-31,6757.0648472,61.2224723,1016.6056056,5340.725877,6357.3314825,2.47561738936495,2.47991254520274,57.600683,399.7333647,5.9157841,5.8125851,956168.980001,959134.9166359,2.14994899690581,34.6927549722085,,,
1981-02-28,6752.0106557,61.0656285,1023.7318316,5349.054738,6372.7865696,2.42689926115731,2.46624123326253,57.6359009,379.2240861,5.6164616,5.7376412,960388.083225,959986.6617648,2.0027866492544,34.6399153373093,37.4,25.3,0.553909078452463
1981-03-31,6765.2534031,61.0620395,1036.4495137,5340.0610878,6376.5106015,2.30579954981565,2.43151946444562,57.5533124,388.7428016,5.7461676,5.6733748,959933.792362,961260.8666392,1.84219833629171,34.6123264699434,,,
1981-04-30,6780.6861824,61.1224549,1024.6897621,5379.3358226,6404.0255848,2.52027631985143,2.34360318666893,57.7271613,376.6605976,5.5549038,5.6334052,976856.447902,962874.0731466,1.68738796920163,34.6109320067182,,,
1981-05-31,6784.2529791,61.0633716,1041.6478448,5363.4442684,6405.0921132,2.18882637401707,2.22204624970588,57.6506391,379.1608659,5.5888374,5.6267723,963145.835522,964462.3765358,1.51476443489247,34.6163562711643,44.0,30.0,0.648560720473561
1981-06-30,6785.4836455,60.9769034,1040.1661174,5380.6395385,6420.8056559,2.31766394051662,2.1233060610817,57.69977,364.6779896,5.3743846,5.6551341,966180.237393,965532.2846017,1.3133989531924,34.6040659593566,,,
1981-07-31,6815.3741215,61.1424617,1035.1194188,5383.3147443,6418.434163,1.7738200670934,2.05203098323208,57.581412,396.9399585,5.8241844,5.710803,968215.578006,966040.0921208,1.1182406204181,34.5780292221973,,,
1981-08-31,6833.9588527,61.2061411,1041.1057029,5393.3357527,6434.4414556,1.8822504623988,1.99910011291387,57.6279928,399.5173971,5.8460609,5.7783707,964466.287101,966046.1717406,0.95771834646836,34.54264349455,44.5,30.1,0.651159905395372
1981-09-30,6857.7907051,61.3165929,1048.207628,5411.0133666,6459.2209947,2.24105539110355,1.95183828237289,57.752918,398.5697104,5.8119258,5.845341,976629.189818,965871.8571839,0.85335983854928,34.5096489211817,,,
1981-10-31,6830.9568674,60.9656249,1039.4191426,5390.3936267,6429.8127693,1.9481955659966,1.8845806570968,57.3854529,401.1440981,5.8724437,5.9086869,965096.896023,965951.9491958,0.82533169314944,34.4932244754718,,,
1981-11-30,6826.0985646,60.8119751,1030.2954088,5386.5671131,6416.8625219,1.3955207370108,1.77653155357982,57.1661954,409.2360427,5.9951675,5.9683156,957311.364204,966429.2693714,0.84914256280768,34.4941571716545,41.7,28.6,0.610890680897216
1981-12-31,6842.422049,60.8470905,1016.1549776,5413.8801064,6430.035084,1.23811986795008,1.62531635232868,57.1798881,412.386965,6.0269151,6.032351,969528.128226,967048.9942296,0.87760059134903,34.4995433444467,,,
1982-01-31,6880.6287511,61.0741917,1034.0008848,5435.0769151,6469.0777999,1.75775508493787,1.43673111192675,57.421162,411.5509512,5.9812986,6.1067868,967098.060224,967329.8977232,0.85441379988993,34.4935944550948,,,
1982-02-28,6884.6464853,61.0009011,1032.6732507,5417.6682157,6450.3414664,1.21696993855025,1.21897389800496,57.1527736,434.3050189,6.3083126,6.1938898,968644.252744,966764.016141,0.70598422312877,34.4643561686842,37.3,24.4,0.541785262026778
1982-03-31,6878.0067448,60.8307262,1039.8934424,5403.212467,6443.1059094,1.04438480639135,0.99324914884085,56.9843599,434.9008353,6.323065,6.2922571,967352.050811,965153.4342374,0.40494393699904,34.4107029730478,,,
1982-04-30,6892.2336331,60.8532556,1052.6531483,5403.0695002,6455.7226485,0.80725885640907,0.75376300174879,56.9991909,436.5109846,6.3333748,6.4012376,960458.863704,962633.1546628,-0.02502076756649,34.3434042113818,,,
1982-05-31,6886.8196871,60.7064302,1046.9004457,5385.8827614,6432.7832071,0.43232936249165,0.4919265162537,56.704157,454.03648,6.5928324,6.5345921,959023.368034,959531.0909378,-0.51129890786538,34.2707761842309,30.3,18.0,0.43997086284626
1982-06-30,6886.8048085,60.6075491,1046.6621742,5374.1187074,6420.7808816,-0.00038584410318,0.21727432497882,56.5062904,466.023927,6.7669106,6.7148544,954947.586446,956399.5117419,-0.94587959464943,34.2024400398052,,,
1982-07-31,6894.1357125,60.5784155,1060.8390698,5359.0524226,6419.8914923,0.02270537116984,-0.03598742677456,56.4112559,474.2442202,6.878951,6.9669758,954620.606698,953461.8330208,-1.30204317632266,34.1400944937095,,,
1982-08-31,6900.1974545,60.5382076,1075.865275,5340.537161,6416.4024361,-0.28035097722896,-0.28480509309988,56.2936794,483.7950184,7.0113214,7.3044841,950014.779062,950242.2554835,-1.63593798302879,34.0745934468702,26.8,16.1,0.388394682568428
1982-09-30,6914.4249605,60.5682307,1067.6014636,5333.1268964,6400.72836,-0.90556794306922,-0.56801564318427,56.0684069,513.6966005,7.4293467,7.7172811,946022.194121,946260.0413374,-2.03047802880191,34.0020751880961,,,
1982-10-31,6982.0357525,61.0831779,1101.0748352,5301.8006713,6402.8755065,-0.4189431911395,-0.90286971876614,56.016325,579.160246,8.2950054,8.16817,952476.153522,941378.4074281,-2.54397144580106,33.9219981433161,,,
1982-11-30,6948.7608226,60.7189644,1077.4318184,5268.2031385,6345.6349569,-1.11000609342818,-1.31030376602197,55.4487905,603.1258657,8.6796176,8.6200368,937731.049692,935924.5180593,-3.15643909791157,33.8488934336107,30.3,20.0,0.436048970076117
1982-12-31,6948.8820289,60.6409857,1097.4423112,5198.1166214,6295.5589326,-2.09137508027942,-1.77020549916111,54.9396144,653.3230963,9.4018447,9.0446006,928482.193114,930521.8576708,-3.77717538374561,33.794670195968,,,
1983-01-31,6941.9877343,60.4759552,1095.804561,5200.7620603,6296.5666212,-2.66670434389685,-2.22185478273683,54.8532921,645.4211131,9.2973531,9.4153044,920048.264913,925694.4899864,-4.30415805763856,33.7590118493666,,,
1983-02-28,6961.7540534,60.5471321,1104.9101722,5184.4448131,6289.3549853,-2.49578230762794,-2.58322643531088,54.6992043,672.3990681,9.658472,9.7233464,921882.91661,921828.8820874,-4.64799406094635,33.7338773789282,29.7,20.1,0.42661662236538
1983-03-31,6947.0592758,60.3156634,1095.2719941,5160.4368676,6255.7088617,-2.90848932696578,-2.79911037783502,54.3132303,691.3504141,9.9516988,9.9670468,924025.932473,919224.1868758,-4.75875086098514,33.7169582258366,,,
1983-04-30,6937.1761348,60.1347824,1065.6692389,5167.2376666,6232.9069055,-3.45144540947359,-2.83848729823309,54.0298377,704.2692293,10.1521025,10.1510671,915364.525298,918193.3670667,-4.61648213349423,33.714941421794,,,
1983-05-31,6984.8696207,60.4519742,1075.9236605,5187.8824974,6263.8061579,-2.62681088045214,-2.72851019058763,54.2113839,721.0634627,10.3232201,10.2818853,917490.141408,918683.2610145,-4.25706163240394,33.732235606193,32.4,22.5,0.46385976774686
1983-06-30,6983.7834447,60.3474651,1080.1559238,5191.0007293,6271.1566531,-2.33031201748026,-2.52635529214199,54.1895965,712.6267915,10.2040219,10.3533603,920432.374419,920641.007551,-3.73886683879341,33.7769829473141,,,
1983-07-31,7014.9723498,60.5293523,1074.1353169,5202.5500718,6276.6853887,-2.23066236823102,-2.25597293356165,54.1589734,738.2869611,10.5244458,10.352199,922690.344905,923904.9503571,-3.09995446488472,33.8453081001559,,,
1983-08-31,6998.1324333,60.29636,1080.945618,5202.0701263,6283.0157443,-2.07883924252537,-1.89900322471995,54.1348685,715.116689,10.218679,10.2764268,930605.131987,928425.8203836,-2.29588138961463,33.9367410033553,33.6,23.6,0.480128095891946
1983-09-30,7045.0254824,60.6118964,1054.6844562,5262.033513,6316.7179692,-1.3125129840692,-1.43180696424302,54.3459007,728.3075132,10.3378975,10.1419969,932452.505509,933882.4526999,-1.30805361071847,34.0447651340282,,,
1983-10-31,7019.8232788,60.3166267,1074.9022389,5242.3656662,6317.2679051,-1.3370180524843,-0.86375245970298,54.2800403,702.5553737,10.0081633,9.9703479,937413.904414,939395.3052806,-0.21065940453404,34.1454706062601,,,
1983-11-30,7033.2278271,60.354622,1091.2853867,5262.9190669,6354.2044535,0.13504553379142,-0.19544024240989,54.5276816,679.0233736,9.6545056,9.787396,947722.449434,944518.4260005,0.91822660645968,34.2265955203639,36.3,26.4,0.51612148635554
1983-12-31,7045.2507675,60.3804051,1104.6210848,5274.34856,6378.9696449,1.32491353338111,0.53883784144872,54.6701294,666.2811226,9.4571669,9.6118808,947578.173249,949395.9560023,2.02833476461735,34.2953429544474,,,
1984-01-31,7049.3061555,60.3090356,1104.5240506,5275.4595994,6379.98365,1.32480181372405,1.2839341040205,54.5827706,669.3225056,9.4948707,9.4656626,957398.580284,954165.2461244,3.0756104142327,34.3561966084475,,,
1984-02-29,7054.0994737,60.2608546,1109.6634119,5282.3764165,6392.0398284,1.63267685382689,1.9752871609023,54.6050965,662.0596453,9.3854594,9.354651,946573.958279,958715.8057055,4.00149358898072,34.4041554540597,44.6,34.5,0.632256465425296
1984-03-31,7101.5289058,60.5763186,1119.7507341,5327.8420639,6447.592798,3.0673412165133,2.5644039849121,54.9982181,653.9361079,9.2083848,9.2687496,957271.384443,962781.251577,4.73845937945117,34.4316558408991,,,
1984-04-30,7121.4054114,60.6574746,1134.7756245,5319.3521673,6454.1277918,3.54924098264313,3.02013341510559,54.9738527,667.2776196,9.3700271,9.1952213,970714.778897,966042.4175982,5.21121718449793,34.4320076736659,,,
1984-05-31,7115.3720149,60.5178428,1140.0652098,5339.4368956,6479.5021054,3.4435284563837,3.3399748018277,55.1096259,635.8699095,8.9365659,9.1188383,970758.439031,968460.4077665,5.41831432707625,34.4106472147674,40.3,29.9,0.566379381367685
1984-06-30,7152.183306,60.7423403,1137.8996705,5363.7028864,6501.602557,3.67469538153038,3.54086560414908,55.2170628,650.5807491,9.0962538,9.0343344,968943.412883,969973.7594886,5.35852210937575,34.3699367769241,,,
1984-07-31,7148.2736851,60.6210926,1152.1027748,5358.4584931,6510.5612679,3.72610485816367,3.61812883198442,55.2129584,637.7124172,8.9212087,8.9447625,969459.093242,970615.9435778,5.05582237681979,34.3149091393472,,,
1984-08-31,7138.1719432,60.4476664,1135.0054943,5373.0028906,6508.008385,3.58096573137057,3.57301773490009,55.1112978,630.1635582,8.8280804,8.8555222,973506.196977,970981.2980458,4.58361634585058,34.2678738028838,48.5,36.0,0.679445667405116
1984-09-30,7163.6859717,60.5758087,1172.0433148,5365.9132665,6537.9565813,3.5024297931101,3.45483248555303,55.2846689,625.7293904,8.7347406,8.7634389,971629.043439,971527.1994668,4.03099412116237,34.2343675633424,,,
1984-10-31,7157.0663197,60.4263615,1162.1217552,5372.5966622,6534.7184174,3.4421606866546,3.32003400783987,55.1719433,622.3479023,8.6955727,8.6780009,972866.235952,972566.6791057,3.53114111158896,34.2152378249322,,,
1984-11-30,7172.5291864,60.4636362,1151.0142135,5398.9765237,6549.9907372,3.08120843659911,3.18735017753358,55.2157052,622.5384492,8.679483,8.6081785,971190.106054,973963.2711238,3.11744528351683,34.2034085063715,49.8,35.9,0.694315752585949
1984-12-31,7164.0880332,60.2987232,1145.0071889,5408.7483462,6553.7555352,2.7400332660266,3.0603923621122,55.1616744,610.332498,8.5193327,8.5551625,976772.047187,975532.765516,2.7529935585313,34.1930500449119,,,
1985-01-31,7175.0545543,60.2903547,1154.4319539,5406.9754147,6561.4073687,2.84363924192814,2.92941975159555,55.1340167,613.6471856,8.552509,8.5208496,977080.263469,977392.2595949,2.43427577820958,34.1909254572044,,,
1985-02-28,7232.8841821,60.6752515,1186.2978074,5439.8231,6626.1209075,3.66207166075485,2.79523358273226,55.585233,606.7632746,8.3889533,8.497825,978824.682701,979530.4780988,2.17109932572594,34.195266274534,60.4,44.3,0.835074895150104
1985-03-31,7227.1969821,60.5259065,1156.9616901,5443.9658774,6600.9275675,2.3781708042661,2.68098166509996,55.2810621,626.2694146,8.6654538,8.477978,979419.682344,981911.2981746,1.98695670135514,34.1989308677917,,,
1985-04-30,7217.5854469,60.3571362,1176.2859393,5434.9108602,6611.1967995,2.43362097508446,2.61797021329795,55.2862046,606.3886475,8.4015444,8.4498686,976175.822275,984508.9414353,1.91156449247973,34.1949832309744,,,
1985-05-31,7253.7521346,60.5713469,1189.3380762,5456.8504748,6646.1885509,2.57251935084772,2.6244323444679,55.4979802,607.5635837,8.3758526,8.4032398,991648.337004,987364.3786472,1.9519611466923,34.1851631987285,68.6,53.0,0.945717453906121
1985-06-30,7284.535722,60.7391758,1193.0992918,5467.0480741,6660.1473659,2.43854968848105,2.7249341797843,55.5329642,624.3883561,8.5714228,8.3352749,989391.387678,990650.694285,2.1317004294324,34.1714513103104,,,
1985-07-31,7291.3120678,60.6989234,1202.8421941,5482.5521862,6685.3943802,2.68537696069318,2.93996016819547,55.6547625,605.9176876,8.3101324,8.2465884,992018.923365,994313.0956606,2.4414550615612,34.1487330750501,,,
1985-08-31,7324.7650916,60.8808011,1206.4747304,5520.9503755,6727.425106,3.37148798864062,3.26392538051237,55.915927,597.3399857,8.1550736,8.1405051,999759.522938,998414.6449611,2.82532186464481,34.1223243297656,67.2,50.4,0.917435564958453
1985-09-30,7365.1380934,61.1186908,1219.9635381,5551.7481856,6771.7117238,3.57535477015236,3.6272135781796,56.1942152,593.4263696,8.0572334,8.0334631,1003028.295102,1003039.1467761,3.24354761519745,34.1076193748623,,,
1985-10-31,7331.6448265,60.7260517,1232.0339346,5524.1671484,6756.201083,3.38932225465534,3.94975071841699,55.9598052,575.4437435,7.8487673,7.9437855,1004327.44316,1008208.08625,3.6646749174127,34.121404638589,,,
1985-11-30,7447.3437542,61.568285,1257.9009279,5597.3391999,6855.2401277,4.6603026286185,4.21103606085427,56.6732773,592.1036264,7.9505344,7.8815495,1016174.27373,1013867.93238,4.09714230908895,34.1660271054642,66.2,48.7,0.888907537840802
1985-12-31,7398.5975149,61.0495615,1231.127141,5591.5113444,6822.6384854,4.10273085036263,4.40373263633567,56.2970329,575.9590295,7.7847055,7.8525841,1016512.037229,1019392.9760846,4.49602638876005,34.2232769804418,,,
1986-01-31,7450.9402625,61.3670311,1240.1950877,5629.0908325,6869.2859202,4.69226393362923,4.52816552236575,56.5764411,581.6543422,7.8064556,7.8514462,1030306.751782,1024437.7589221,4.81336933716858,34.284214977051,,,
1986-02-28,7491.6583306,61.5879418,1237.3786627,5654.7913974,6892.1700601,4.01515692686596,4.5818755831908,56.6596272,599.4882705,8.002077,7.8679893,1024161.252657,1028779.0900138,5.02777739091775,34.3410633446524,64.8,48.5,0.864962030306716
1986-03-31,7496.7961341,61.515,1263.8103261,5638.753158,6902.5634841,4.56959894674682,4.5522580858573,56.6390209,594.23265,7.9264881,7.8992272,1032535.504646,1032237.7955905,5.12536086604343,34.3863921691405,,,
1986-04-30,7569.4162214,62.0045839,1318.4717752,5652.930715,6971.4024902,5.4484188207382,5.07445522630945,57.1059773,598.0137313,7.9003943,7.8516418,1038787.532314,1034652.9887365,5.09330542271111,34.2011177586145,,,
1986-05-31,7558.0724843,61.8061896,1310.5575125,5654.4675506,6965.0250631,4.79728358228453,4.88244189768245,56.9565403,593.0474211,7.8465432,7.9135722,1023743.090562,1036389.0404672,4.9652046276137,34.2121387093886,66.1,47.8,0.874561604659206
1986-06-30,7585.9353751,61.9277004,1318.2482387,5687.1448993,7005.393138,5.18375575092618,4.6078582647197,57.1884502,580.5422371,7.6528761,7.9917173,1042656.765317,1037766.6109771,4.75605750482069,34.2198624258934,,,
1986-07-31,7603.9167321,61.9677175,1335.8816351,5651.6933341,6987.5749691,4.52001141166722,4.24702233097474,56.9448729,616.3417629,8.1055827,8.0820557,1038546.147549,1039000.1938372,4.4942682915094,34.2297247055197,,,
1986-08-31,7594.9401076,61.788652,1300.0580191,5669.1543004,6969.2123196,3.59405284771372,3.82810178226647,56.6980422,625.7277881,8.2387455,8.1758269,1039035.793315,1040245.9402229,4.18977180201818,34.2411844601396,61.1,44.2,0.804482973326666
1986-09-30,7630.491329,61.9708913,1320.5474505,5673.7210964,6994.2685468,3.28656670687557,3.4018633807309,56.80382,636.2227821,8.3379006,8.2549072,1040303.8825,1041444.5281837,3.82890154696753,34.2484800398091,,,
1986-10-31,7654.909729,62.0593994,1331.403425,5687.3906254,7018.7940503,3.88669555677876,3.028748464476,56.9023227,636.1156787,8.3099044,8.3072323,1046342.125436,1042354.3966932,3.38683163812008,34.2399958186652,,,
1986-11-30,7643.9016998,61.8611011,1330.8360411,5677.164027,7008.0000681,2.22836746130515,2.72705253370844,56.714832,635.9016318,8.3190713,8.3336384,1041299.956904,1043263.109088,2.89931023254641,34.2233183550666,66.3,48.8,0.867358092814494
1986-12-31,7665.7162678,61.9274772,1361.6931575,5662.8755564,7024.5687139,2.95970875390976,2.5033984274056,56.7479676,641.1475539,8.363831,8.3422985,1044778.170522,1044286.6502266,2.44200958080116,34.2027808063335,,,
1987-01-31,7651.2979043,61.6968519,1354.2814798,5670.6007757,7024.8822556,2.26510203837125,2.36987265116453,56.6456992,626.4156487,8.1870508,8.3409594,1037407.162014,1045588.2788497,2.06459784827282,34.1819768214456,,,
1987-02-28,7687.7258395,61.8766215,1367.9064185,5688.6719146,7056.5783332,2.38543552562334,2.32757691850616,56.7966699,631.1475064,8.2098077,8.330674,1046366.640313,1047476.0953381,1.81739748657306,34.169847483623,69.5,51.6,0.904038482263569
1987-03-31,7721.3271734,62.0317604,1374.0135216,5696.0629418,7070.0764634,2.42682272587371,2.36724718347647,56.7997288,651.25071,8.43444,8.3103703,1045647.645572,1050086.147773,1.72909306932416,34.1720285104767,,,
1987-04-30,7725.813105,61.9614287,1373.6197114,5710.9568011,7084.5765125,1.62340393427425,1.82815805159238,56.8186774,641.2365925,8.2999237,8.2743406,1064475.689378,1053052.1533404,1.7782932832745,34.1843696326946,,,
1987-05-31,7723.2239387,61.8361196,1380.7234688,5709.0537433,7089.7772121,1.79112275791977,1.92266402508081,56.764418,633.4467267,8.2018433,8.2229489,1047533.296323,1056110.0359193,1.9028564257308,34.2054899395302,66.9,50.2,0.866218570521741
1987-06-30,7745.6696596,61.9106476,1395.7366557,5729.7089068,7125.4455624,1.71371430603642,2.0127780506411,56.9532357,620.2240972,8.0073657,8.1625008,1060331.893739,1058777.5047457,2.02462611018264,34.2238368198396,,,
1987-07-31,7800.9591622,62.2521391,1394.8467264,5776.3782855,7171.2250119,2.62823717258311,2.09851370523328,57.2268214,629.7341503,8.0725221,8.098538,1068792.32954,1061146.6868175,2.13151961969413,34.2407903256217,,,
1987-08-31,7780.2394413,61.9886133,1417.6395466,5732.0256688,7149.6652154,2.589286816424,2.198456433506,56.9645492,630.5742259,8.1048177,8.0368419,1057895.410464,1063371.9877999,2.22313269225973,34.2494521420328,70.1,53.5,0.901000547976541
1987-09-30,7737.5921571,61.5505198,1404.0732802,5733.4654222,7137.5387024,2.04839369036736,2.33440278540713,56.7772516,600.0534547,7.7550411,7.9759987,1066277.61057,1066021.5950286,2.3599016730889,34.2570138087278,,,
1987-10-31,7797.6426177,61.9136532,1401.0814808,5766.0678926,7167.1493734,2.1136867962903,2.51380870776547,56.9075069,630.4932443,8.0856904,7.904687,1070731.654954,1069150.7487727,2.57075253527108,34.2590152701934,,,
1987-11-30,7773.6747593,61.6112092,1428.2971078,5728.8468399,7157.1439476,2.12819460688782,2.75166453884266,56.7248189,616.5308117,7.9310086,7.8195056,1068986.681101,1073126.7198942,2.86251958360784,34.2602406521923,66.9,51.2,0.860596848613514
1987-12-31,7840.8724549,62.0299152,1430.9326541,5803.9215274,7234.8541815,2.99357122358122,3.03528018793913,57.2356449,606.0182735,7.7289648,7.7278498,1081161.48655,1077843.0508368,3.21333233580248,34.261885596211,,,
1988-01-31,7899.3103574,62.3743152,1445.5345652,5851.0010384,7296.5356036,3.8670163871209,3.30951184304056,57.6147019,602.7747538,7.6307263,7.6449643,1082104.893877,1083139.033266,3.59135189021162,34.2752291250127,,,
1988-02-29,7865.2850091,61.9901603,1424.5501915,5857.4666377,7282.0168292,3.19472817214188,3.5034603545513,57.3931383,583.26818,7.4157285,7.57991,1089675.5883,1088422.8355773,3.90908588954324,34.3037576216866,70.2,53.3,0.892529640296312
1988-03-31,7924.0687714,62.3363864,1450.6519332,5878.9106219,7329.5625551,3.67020205571036,3.5811522963775,57.6595758,594.5062163,7.5025373,7.5302116,1087495.575109,1093211.1007661,4.10680143572588,34.3454432387172,,,
1988-04-30,7992.2655991,62.7703351,1453.1521317,5906.7181753,7359.870307,3.88581863734936,3.57690435126885,57.8035752,632.395292,7.912591,7.4850502,1074480.172272,1097427.3067052,4.21395590180762,34.3946211922975,,,
1988-05-31,7934.2241066,62.2129743,1449.4446758,5893.587512,7343.0321877,3.57211472269925,3.55526906400077,57.5773846,591.1919188,7.4511623,7.4260666,1096431.900282,1100879.8136538,4.23912056621352,34.4313739132815,74.4,57.7,0.937709837791337
1988-06-30,7964.5795555,62.3483265,1460.8913149,5899.6599429,7360.5512577,3.29952272094562,3.57514870987607,57.6198718,604.0282978,7.583932,7.3347626,1090602.254542,1103950.5195455,4.2665257428802,34.4522851981741,,,
1988-07-31,7912.5095399,61.8427782,1457.0205437,5921.0344967,7378.0550404,2.88416592920713,3.67185775237018,57.6655762,534.4544995,6.7545511,7.2137187,1072845.87738,1107034.5652745,4.32436712351456,34.456301430055,,,
1988-08-31,7972.0004604,62.211042,1468.4716665,5940.0645432,7408.5362097,3.620742880973,3.81736077497683,57.8139401,563.4642508,7.0680409,7.0840039,1104546.244754,1109999.7784264,4.38489927903518,34.4366836675542,80.8,63.4,1.01354735742132
1988-09-30,8006.3289331,62.3810859,1485.5701564,5965.58365,7451.1538064,4.3938830607608,3.96965194439607,58.0554546,555.1751267,6.9342033,6.9686084,1113486.59374,1113309.9818418,4.43596893662659,34.4106608330597,,,
1988-10-31,8012.6922475,62.3222727,1454.9238914,6011.4876645,7466.411556,4.17547014871318,4.09340527906434,58.073332,546.2806915,6.8176922,6.879633,1118248.970698,1117321.2209714,4.50548926369791,34.3946395346155,,,
1988-11-30,8017.8470026,62.2544044,1487.3395746,6000.3307014,7487.670276,4.61813162931892,4.13221908743948,58.1378583,530.1767266,6.6124575,6.8053749,1124761.174896,1122255.5355999,4.57810012507596,34.4069386846125,85.1,65.8,1.06138218866491
1988-12-31,8073.1766547,62.574645,1511.8974893,6009.6094324,7521.5069217,3.96210805371848,4.09844179142704,58.2986903,551.669733,6.8333663,6.7318425,1122897.976065,1127714.1368853,4.62693395014997,34.4358280450032,,,
1989-01-31,8106.6488414,62.7369257,1526.0303298,6028.9041422,7554.934472,3.54139118121357,4.05800853186453,58.4672375,551.7143694,6.8057021,6.6451585,1129728.613214,1133581.5312451,4.65706584564682,34.4725500902954,,,
1989-02-28,8145.9054528,62.9447604,1542.2273186,6063.0609839,7605.2883024,4.43931236060484,4.07589216396662,58.7673222,540.6171503,6.6366735,6.5398516,1146745.673194,1139025.1526378,4.64914143717505,34.4927024744866,84.7,66.0,1.03978619063012
1989-03-31,8140.5351944,62.8063367,1539.5035325,6084.6352129,7624.1387454,4.01901461493128,4.18790520061103,58.8222044,516.396449,6.3435196,6.4217509,1144543.244244,1143506.9616599,4.60074553382723,34.4815356594625,,,
1989-04-30,8161.7259955,62.8792842,1538.5984782,6117.1035749,7655.7020531,4.0195239013741,4.37405031436027,58.9807922,506.0239424,6.1999624,6.301158,1137592.717618,1147215.6660965,4.53682527189696,34.4482607989546,,,
1989-05-31,8227.8455607,63.2979576,1576.7415411,6134.4370186,7711.1785597,5.01354702784316,4.56510807214967,59.3231667,516.6670011,6.2794932,6.1927711,1148418.322208,1150262.615036,4.48575773392552,34.4052453010139,93.7,72.5,1.13881573625488
1989-06-30,8203.800123,63.0217141,1565.7047561,6145.0115074,7710.7162635,4.75732039001409,4.70951846760561,59.2338366,493.0838595,6.0104324,6.1036739,1151197.953678,1153158.150572,4.45741273320466,34.3693355409816,,,
1989-07-31,8232.835736,63.1541641,1590.2060009,6145.2586724,7735.4646733,4.84422562508593,4.77156244852472,59.3388257,497.3710628,6.0413092,6.0293937,1152994.388876,1156524.2495802,4.47047326778172,34.3572820079278,,,
1989-08-31,8266.0256231,63.318242,1607.4204031,6167.3104704,7774.7308735,4.94287472497659,4.75084263890315,59.5548954,491.2947496,5.9435425,5.9654632,1164804.329879,1160397.6310489,4.54034798943357,34.3674838647184,76.6,56.3,0.92668476354508
1989-09-30,8283.1632974,63.3580641,1630.0121722,6153.6105914,7783.6227636,4.46197952476077,4.6523803694515,59.5370697,499.5405337,6.0307942,5.9182038,1162371.993931,1163930.3491788,4.54683494827346,34.3759565322324,,,
1989-10-31,8282.6420442,63.258028,1617.2962378,6174.6880541,7791.9842919,4.36049812494423,4.48320036134515,59.510668,490.6577523,5.923928,5.8975424,1167178.700411,1166085.6863403,4.3644087710519,34.3555347415603,,,
1989-11-30,8326.3886862,63.4964285,1630.1596271,6214.4295153,7844.5891424,4.76675458779243,4.26911511585781,59.8222606,481.7995438,5.7864167,5.9083352,1172403.388997,1167166.9706705,4.00189026883195,34.3187592758162,79.2,60.1,0.951192683705297
1989-12-31,8316.3099137,63.3233059,1640.8187626,6189.0779845,7829.8967471,4.10010691488265,4.01468437084957,59.6195851,486.4131667,5.8489062,5.9506793,1168557.856055,1167802.2533825,3.5548119142961,34.2835794569092,,,
1990-01-31,8352.4091586,63.5103611,1633.0948534,6208.936382,7842.0312354,3.80012248238597,3.72216555151967,59.6295304,510.3779232,6.1105474,6.0170919,1153925.565787,1168616.6559605,3.09065768537338,34.2626654775669,,,
1990-02-28,8382.2405294,63.6499262,1644.6180295,6201.9350405,7846.5530699,3.1723290151126,3.42845194497932,59.5822229,535.6874594,6.3907431,6.1086938,1166274.010723,1170231.2943996,2.7397236741903,34.2630161658998,71.9,53.5,0.857765889058144
1990-03-31,8379.9926257,63.5447781,1648.8806797,6212.586524,7861.4672037,3.1128559726591,3.14544244198076,59.6128435,518.525422,6.1876596,6.2256154,1172298.110331,1172478.5780625,2.53357586564626,34.2769885784552,,,
1990-04-30,8393.0616392,63.561061,1664.0157243,6202.0352838,7866.0510081,2.74761156509251,2.86481299268995,59.569984,527.0106311,6.2791226,6.3677158,1183177.854937,1174672.1374992,2.393313847964,34.2903610757017,,,
1990-05-31,8448.9354112,63.9013484,1666.3619385,6233.0370234,7899.3989619,2.44087723741315,2.58712084446258,59.7450709,549.5364494,6.5042094,6.5328885,1173028.015271,1175902.7352877,2.22906664239433,34.2851625601024,64.0,47.0,0.757491883713076
1990-06-30,8459.064905,63.8941165,1667.0773149,6233.0850082,7900.1623231,2.45691908671022,2.27223807229262,59.6725403,558.9025819,6.6071438,6.7236051,1172682.019444,1175171.2827962,1.9089430372825,34.2472475805147,,,
1990-07-31,8501.5346403,64.1399536,1667.6338122,6230.4718097,7898.1056219,2.102536246612,1.88474893182147,59.5873744,603.4290184,7.0978834,6.9349872,1184283.180336,1172344.1646751,1.3678844261711,34.1829864458668,,,
1990-08-31,8480.7671042,63.9090676,1654.694741,6214.5131804,7869.2079215,1.2151809437163,1.4227554084671,59.3005013,611.5591827,7.2111305,7.1589407,1164628.750889,1167901.0689549,0.6466264412499,34.1044896318133,56.7,41.2,0.668571596217045
1990-09-30,8468.6244878,63.7425409,1648.1454916,6195.9867546,7844.1322462,0.7773948511864,0.92479133811465,59.0420465,624.4922416,7.3741874,7.3838377,1165005.187694,1162688.606066,-0.10668534536247,34.0246256335989,,,
1990-10-31,8477.1254032,63.7222067,1677.9181942,6151.7940259,7829.7122201,0.48418896633582,0.42854894891444,58.8556281,647.4131831,7.6371783,7.6153791,1150140.662968,1157292.5686795,-0.75407131429567,33.9509729713862,,,
1990-11-30,8483.9787255,63.6900428,1676.6556031,6133.2025544,7809.8581575,-0.44273809972124,-0.04174496610466,58.629355,674.120568,7.9458069,7.8674281,1149435.487921,1151775.4671181,-1.31870622962866,33.8803389953445,41.6,27.0,0.490335977328236
1990-12-31,8494.3511592,63.6833704,1682.461157,6130.5961744,7813.0573314,-0.21506561636635,-0.48491529752066,58.5756127,681.2938278,8.0205517,8.1502242,1151757.555167,1146332.1926987,-1.83850139196193,33.8172604404577,,,
1991-01-31,8454.3555012,63.3119446,1663.8546841,6080.3108637,7744.1655478,-1.24796350157623,-0.92141859132897,57.9935608,710.1899535,8.400285,8.4585393,1142414.550087,1141288.462317,-2.33850797043781,33.7726174908285,,,
1991-02-28,8489.4971022,63.5036944,1714.5385704,6043.5173255,7758.0558959,-1.12784777228465,-1.38324924524741,58.0323198,731.4412063,8.6158367,8.7712333,1138404.352854,1136778.1377815,-2.85867903022228,33.7503986421288,33.8,21.1,0.398139013337326
1991-03-31,8480.6546597,63.3660296,1703.9779339,5997.7027261,7701.68066,-2.03252827442689,-1.87009222753302,57.5456665,778.9739997,9.185305,9.0551391,1131647.167933,1132765.3638159,-3.38711640362979,33.7470887595552,,,
1991-04-30,8537.8579211,63.7207319,1720.4581625,5975.4812663,7695.9394288,-2.16260457915705,-2.33903995136172,57.4372282,841.9184923,9.8610038,9.2941623,1126629.925048,1129466.344351,-3.84837536407735,33.7604087154076,,,
1991-05-31,8501.7692493,63.3794333,1713.1570863,5980.7226679,7693.8797542,-2.60170689809757,-2.73249342657826,57.3567365,807.8894951,9.5026044,9.480212,1130736.018703,1127000.1320792,-4.15872858706596,33.7824386181728,31.6,20.8,0.37168734028628
1991-06-30,8468.0553359,63.0565512,1712.8396533,5945.8913066,7658.7309599,-3.05603041211011,-2.98139696944937,57.0299958,809.324376,9.5573818,9.6140593,1123552.61539,1125586.0786678,-4.21940229941775,33.8102357733247,,,
1991-07-31,8447.7727334,62.8302403,1703.6560858,5926.7680161,7630.4241019,-3.3891863798044,-3.05865194240166,56.7512166,817.3486315,9.6753151,9.7206033,1127650.630714,1124949.6704852,-4.04271165567108,33.8359920981028,,,
1991-08-31,8464.4465541,62.8829662,1707.0925564,5928.6407129,7635.7332693,-2.96693967841551,-2.98997122048532,56.7263972,828.7132848,9.7905194,9.8265989,1120603.158368,1124654.0687126,-3.70296777628601,33.8538311797877,29.8,20.4,0.352060820628202
1991-09-30,8497.7662505,63.0590869,1710.8442987,5934.3492427,7645.1935414,-2.53614674709715,-2.82925104095623,56.7324294,852.5727091,10.0329038,9.9450582,1125002.456278,1124338.9659025,-3.29835864593678,33.8603662159004,,,
1991-10-31,8461.3204446,62.7315725,1676.6534424,5939.5856328,7616.2390752,-2.72644943899705,-2.62174406534148,56.4662049,845.0813694,9.9875826,10.0746056,1127166.685516,1123800.4100488,-2.89400965124275,33.8560474517283,,,
1991-11-30,8459.827489,62.6635368,1738.2951394,5858.7825003,7597.0776397,-2.7245119374628,-2.39088444439104,56.272986,862.7498492,10.1981967,10.1987575,1124941.500276,1123204.6867099,-2.48058594959382,33.8492034053193,30.9,22.3,0.365255675014392
1991-12-31,8508.3158417,62.9655281,1719.3115469,5897.6784364,7616.9899833,-2.50948303312741,-2.14492529466075,56.3692987,891.3258584,10.4759376,10.3030651,1120919.265591,1122501.0994779,-2.07889941262983,33.8400780046482,,,
1992-01-31,8511.7667099,62.9070359,1736.6894276,5894.1144998,7630.8039275,-1.46383260533738,-1.87364239549027,56.3961952,880.9627825,10.3499404,10.3825199,1121170.952449,1121655.1061035,-1.72027991710711,33.8254009880082,,,
1992-02-29,8538.5914541,63.0212349,1766.2655292,5883.9486607,7650.2141898,-1.39006095788756,-1.56412304736729,56.4643417,888.3772643,10.4042601,10.4482486,1118756.920301,1120913.0636936,-1.39561745257185,33.8081736239122,33.3,24.8,0.389994066105719
1992-03-31,8526.267628,62.84655,1762.583761,5868.5657023,7631.1494633,-0.91578968037866,-1.19793017387981,56.2486937,895.1181646,10.4983588,10.5069148,1125173.467684,1120481.2941957,-1.08443195851425,33.7858555015347,,,
1992-04-30,8516.2517091,62.7238824,1773.3409787,5851.1436091,7624.4845878,-0.92847457624992,-0.80261828851659,56.1558407,891.7671213,10.471357,10.5624003,1119820.777466,1120604.5491989,-0.78460019605029,33.7665409152242,,,
1992-05-31,8526.3229495,62.749218,1777.362187,5843.5141508,7620.8763378,-0.94885049847768,-0.42903355340521,56.0856108,905.4466117,10.6194267,10.6239058,1117196.011065,1121157.6113529,-0.51841349082373,33.7521137919982,31.9,23.1,0.37413548828655
1992-06-30,8558.6577048,62.938253,1804.7900167,5828.7681114,7633.558128,-0.32868150130617,-0.14110921533222,56.1352994,925.0995768,10.808933,10.6984599,1122643.216773,1121771.4388166,-0.33890254361664,33.7432668834128,,,
1992-07-31,8610.4293621,63.2615946,1808.6019709,5842.6157554,7651.2177263,0.27250941916612,0.02414807307944,56.2141809,959.2116358,11.1401139,10.7876058,1122596.726619,1122055.2855864,-0.2572901681505,33.7407876670748,,,
1992-08-31,8592.3837481,63.0718614,1832.9555143,5838.117958,7671.0734723,0.4628265780588,0.06869996812644,56.3090403,921.3102758,10.7224061,10.8858611,1124371.137261,1121933.7815036,-0.24187768351862,33.7487609291464,33.0,25.1,0.384061058810335
1992-09-30,8542.0491623,62.6456706,1813.7674048,5821.3645352,7635.13194,-0.13160688928952,0.0016786198723,55.9945221,906.9172223,10.617092,10.9867779,1122440.120101,1121407.2693733,-0.26074845914879,33.7715089374701,,,
1992-10-31,8598.0397878,63.0082511,1831.2720906,5813.1087324,7644.380823,0.3694966442379,-0.1205904259664,56.0196368,953.6589648,11.0915859,11.0694175,1121964.336905,1121014.1490538,-0.24793201444723,33.8128825703922,,,
1992-11-30,8517.9896088,62.3741119,1790.1049867,5779.2418065,7569.3467931,-0.36501991838398,-0.23656893174302,55.4275487,948.6428156,11.1369332,11.1134109,1116434.860667,1121292.9924992,-0.17019998521371,33.8717220371147,36.9,29.7,0.433200810222618
1992-12-31,8560.1115953,62.6348697,1788.4458541,5811.2133455,7599.6591996,-0.22752798333722,-0.29677102086991,55.6071797,960.4523957,11.220092,11.1047242,1119427.283909,1122685.0846579,0.0163906458609,33.9463675936489,,,
1993-01-31,8580.419298,62.7087397,1801.6399927,5849.1341787,7650.7741715,0.26170563665031,-0.29176030581654,55.9145643,929.6451265,10.8344953,11.048168,1127796.754765,1125030.2486309,0.30090733854231,34.0264598050583,,,
1993-02-28,8520.4444925,62.1964213,1760.6764335,5821.3418157,7582.0182492,-0.89142524520327,-0.24614911027036,55.3462207,938.4262433,11.0138179,10.9649853,1125554.704022,1127468.8996848,0.58486569597087,34.0898178171224,37.0,30.4,0.43424964545651
1993-03-31,8561.1966562,62.4196971,1771.0542957,5860.4651457,7631.5194414,0.00484826174325,-0.22232873952085,55.6414192,929.6772148,10.8591971,10.8923411,1138021.091233,1129257.8512721,0.7832845690387,34.1263676171634,,,
1993-04-30,8530.7639611,62.1597656,1754.4037207,5857.8940621,7612.2977828,-0.15983775505953,-0.24805866064709,55.4673237,918.4661783,10.7665173,10.8574435,1129754.442153,1130154.01276,0.8521706937498,34.1389741632648,,,
1993-05-31,8533.7147779,62.143258,1759.7621452,5853.4080909,7613.1702361,-0.10111831446179,-0.28818984747903,55.4397721,920.5445418,10.7871492,10.8616756,1128696.414957,1130375.543479,0.82217986416528,34.1279702206527,42.0,35.0,0.492165499938767
1993-06-30,8567.8400506,62.3536425,1747.7578149,5878.4152509,7626.1730658,-0.09674469069557,-0.27668571354924,55.5005306,941.6669848,10.9907162,10.8958302,1130375.657489,1130777.6875368,0.8028595138508,34.1085514006946,,,
1993-07-31,8565.8942318,62.2793674,1774.6812802,5853.4293427,7628.1106229,-0.30200556599733,-0.14623912398506,55.4610986,937.783609,10.9478775,10.9423787,1127440.303455,1132166.7679638,0.90115723416566,34.0947050139388,,,
1993-08-31,8595.8222232,62.4367455,1783.5564323,5868.1563845,7651.7128168,-0.25238521792172,0.122862146295,55.579098,944.1094065,10.9833519,10.97669,1135809.922425,1134936.8739894,1.15898930045348,34.0980119080766,46.2,37.8,0.537470398995769
1993-09-30,8593.38728,62.358984,1808.2288018,5862.0482319,7670.2770337,0.46030761454006,0.52720514550162,55.6603197,923.1102462,10.7420999,10.9825413,1133647.429273,1138799.4973361,1.55092876939524,34.1154227214431,,,
1993-10-31,8669.1468535,62.8594606,1816.9822012,5902.2283806,7719.2105818,0.97888580556917,1.00524326412523,55.9715301,949.9362717,10.9576673,10.9476209,1139263.299216,1143152.2635687,1.9748291788811,34.1374646774004,,,
1993-11-30,8680.163936,62.8900955,1820.9429397,5908.7758226,7729.7187624,2.11870289053464,1.46747291084408,56.0038675,950.4451736,10.9496224,10.872374,1156256.12845,1147305.9390636,2.3199062812674,34.1562800866042,48.5,39.9,0.558745207551343
1993-12-31,8679.3628488,62.8351055,1817.8329599,5927.7080237,7745.5409835,1.91958323483346,1.85763546313642,56.0746097,933.8218652,10.7591062,10.7539021,1156513.081475,1151122.9968129,2.53302662907164,34.171457020515,,,
1994-01-31,8683.9433947,62.7925679,1846.8597361,5919.373337,7766.2330731,1.50911396692504,2.16077980534009,56.1567131,917.7103216,10.5678985,10.5966057,1157703.116577,1154589.1957905,2.6273913253063,34.1818730483691,,,
1994-02-28,8693.7921308,62.7881625,1851.2854389,5938.4584195,7789.7438585,2.73971391880938,2.40942367222055,56.2589599,904.0482724,10.3987795,10.4135105,1154544.421869,1157890.0467588,2.69818059571352,34.1859385700993,57.6,48.5,0.662541720958995
1994-03-31,8710.7693287,62.8352114,1859.1288826,5949.7119203,7808.8408029,2.32353940603303,2.65692835743645,56.329142,901.9285259,10.3541776,10.2254582,1158451.546986,1161463.8687192,2.85196311992166,34.1912032605943,,,
1994-04-30,8685.7429868,62.6092856,1860.803107,5950.8834733,7811.6865803,2.61929844560889,2.941512892422,56.3088404,874.0564065,10.0631162,10.0514491,1164377.343683,1165736.0538817,3.14842408379397,34.2075930869416,,,
1994-05-31,8703.42712,62.6913467,1871.4356169,5981.8944152,7853.3300321,3.15453074806096,3.2391302763048,56.5680425,850.0970879,9.7673833,9.8954256,1174205.928622,1170799.2099554,3.57612712957205,34.2393719589469,69.5,58.5,0.798536013937461
1994-06-30,8732.7962838,62.8573826,1859.0945789,6016.3204933,7875.4150722,3.26824482278982,3.48959793736825,56.6860788,857.3812116,9.8179459,9.7518915,1172605.462162,1176235.9655556,4.0200897594489,34.2833932006602,,,
1994-07-31,8795.5824902,63.2407785,1923.9880158,6024.2761751,7948.2641909,4.19702314015848,3.65004358803676,57.1485078,847.3182993,9.6334529,9.6135964,1182660.61477,1181242.18502,4.33464560565242,34.3198983957701,,,
1994-08-31,8759.9784178,62.916678,1905.4353137,6027.1725785,7932.6078923,3.67100912207878,3.7118197540028,56.9742655,827.3705256,9.4448923,9.4775089,1189246.339388,1185366.1674307,4.44335668326967,34.3385240790568,82.2,70.5,0.938358476237478
1994-09-30,8805.0404594,63.172019,1897.2453924,6084.1249942,7981.3703866,4.05582942484586,3.69046570581122,57.2625741,823.6700728,9.3545291,9.3443311,1190026.443982,1188407.5858508,4.35617407899669,34.3344488624276,,,
1994-10-31,8776.4173984,62.9192904,1933.0745866,6045.3295884,7978.404175,3.35777331701657,3.62536364411512,57.1982287,798.0132233,9.0926991,9.2178112,1189057.903444,1190699.2927766,4.15929099938683,34.3133571962772,,,
1994-11-30,8794.1633783,62.9991312,1916.8618799,6073.2196291,7990.081509,3.36833401839267,3.58907217993585,57.2388949,804.0818693,9.1433583,9.0945378,1191180.865092,1193072.3321406,3.9890313053163,34.2881580503913,85.6,74.6,0.973372864680021
1994-12-31,8822.7207004,63.15623,1963.8241106,6070.4257666,8034.2498771,3.72742064389078,3.61495718857716,57.5120703,788.4708232,8.9368218,8.9745678,1195708.59758,1196384.6738144,3.93195836820353,34.2760016970654,,,
1995-01-31,8832.477099,63.1445495,1964.6339107,6085.707377,8050.3412877,3.6582499124842,3.70663831051627,57.5529569,782.1358113,8.855226,8.8562577,1200034.805108,1200941.5121985,4.0146154647034,34.2833828085708,,,
1995-02-28,8882.7079263,63.4218745,1957.3481565,6141.5971814,8098.9453379,3.96934077700906,3.82012137691736,57.8258679,783.7625884,8.8234646,8.7368852,1204759.905627,1206434.7208594,4.1925115632946,34.3085593864378,72.7,61.8,0.818444111899134
1995-03-31,8866.2912525,63.2232491,1979.2621411,6122.9909029,8102.253044,3.7574365838145,3.9140205400812,57.7750885,764.0382084,8.6173371,8.6185463,1207033.587056,1211932.1845795,4.34523339206012,34.3330867734636,,,
1995-04-30,8895.4267086,63.3607005,1980.3039056,6179.6979032,8160.0018088,4.45889917522295,3.95949267603162,58.1223867,735.4248998,8.2674494,8.5077705,1225057.805758,1216506.19161,4.3552000951883,34.3377995551299,,,
1995-05-31,8922.2304389,63.4812575,1974.4773389,6191.6027872,8166.0801261,3.98238826996513,3.93011029580257,58.101283,756.1503127,8.4749023,8.4177246,1218152.218523,1219792.7115619,4.18462031660973,34.323219298711,77.3,67.2,0.86637529179901
1995-06-30,8948.4680995,63.5975248,1989.08463,6211.9705009,8201.0551308,4.13489391498234,3.85671150934945,58.2855972,747.4129687,8.3524125,8.3617102,1223887.010517,1222134.2205505,3.90212987350884,34.2983859306858,,,
1995-07-31,8963.1257705,63.626922,2002.0579552,6205.6497571,8207.7077123,3.264153218473,3.75462927645864,58.2644037,755.4180583,8.4280649,8.3327956,1224976.791439,1223823.2865636,3.60477318568495,34.2703290816565,,,
1995-08-31,8984.2856205,63.7023624,2000.0164913,6236.7600363,8236.7765277,3.83440905600856,3.64621644841363,58.4022087,747.5090928,8.320184,8.3245188,1223002.16911,1225301.1285775,3.3689978880838,34.2466801455758,74.6,65.3,0.830338695263434
1995-09-30,8975.0188841,63.5621371,1983.2375268,6241.1814472,8224.4189739,3.0451987005647,3.55436029335638,58.2463004,750.5999102,8.3632126,8.3246553,1227436.384533,1226914.4106168,3.24020354838381,34.2302871577491,,,
1995-10-31,8984.6527006,63.5528057,1999.4911647,6214.7152369,8214.2064016,2.95550615671838,3.47305447869293,58.1030654,770.446299,8.5751372,8.3224648,1229721.176691,1228644.5991196,3.18680850599273,34.2184333500958,,,
1995-11-30,9053.3106688,63.9604906,2035.3150904,6252.7772999,8288.0923903,3.72976021539106,3.357366467505,58.5543206,765.2182784,8.4523586,8.3240763,1232939.757707,1230486.0862351,3.1359166654525,34.2146934675317,72.5,61.3,0.800812019517383
1995-12-31,9024.5390673,63.6797025,2035.3272202,6254.1585853,8289.4858055,3.17684827213924,3.17228011154742,58.4929586,735.0532618,8.1450505,8.3347848,1228392.225351,1232030.7194714,2.97948029903714,34.2119495437772,,,
1996-01-31,9056.9635639,63.8275422,2007.090955,6284.4059654,8291.4969203,2.99559514288492,2.9076412313214,58.4330351,765.4666436,8.4516918,8.3524942,1240594.673896,1233167.8317077,2.68342123091447,34.2086845644432,,,
1996-02-29,9046.0828611,63.6702162,2037.6070683,6255.1982625,8292.8053308,2.39364491068743,2.58341824520496,58.3683255,753.2775303,8.3271129,8.3775937,1233917.724788,1233733.4037242,2.26275673211345,34.2013155964273,81.0,69.5,0.895415189576878
1996-03-31,9026.4475797,63.4517338,2031.7373248,6234.5652422,8266.3025669,2.02473956329325,2.23475313734656,58.1082674,760.1450128,8.4213087,8.4092804,1234090.468538,1233670.1885175,1.7936650428623,34.1849579292307,,,
1996-04-30,9074.6423803,63.722631,2034.0173175,6262.1664884,8296.1838059,1.66889665334555,1.88643661004757,58.2562526,778.4585744,8.578394,8.4440919,1237771.32642,1233075.3319971,1.36202680277124,34.1610627936322,,,
1996-05-31,9064.262961,63.5820736,2038.9369334,6262.6080208,8301.5449542,1.6588721394863,1.58120984857524,58.2319208,762.7180069,8.4145618,8.4806888,1225033.51186,1232226.64619,1.01934816549105,34.1333721626827,76.7,66.5,0.846180217078987
1996-06-30,9052.5328391,63.4323548,2049.1550736,6256.1493419,8305.3044155,1.27116917320165,1.31627089835136,58.1964214,747.2284236,8.2543575,8.5151911,1229491.590246,1231551.7432769,0.77058006952442,34.1136543522337,,,
1996-07-31,9085.9896757,63.5925141,2038.0161643,6269.4309257,8307.4470901,1.2151916381054,1.08317104132,58.1435226,778.5425856,8.5686052,8.5465935,1231972.070774,1231207.1426095,0.6033433198214,34.1076526069391,,,
1996-08-31,9095.964636,63.5881474,2054.6940391,6247.8991336,8302.5931727,0.79905828182496,0.88342788996854,58.0418394,793.3714633,8.7222356,8.5702113,1233364.907198,1231229.7078748,0.48384671808657,34.1110351851313,77.5,69.5,0.852026179755257
1996-09-30,9073.9065644,63.3601102,2045.1000102,6250.5630682,8295.6630784,0.86625091360366,0.7075408648819,57.9258915,778.243486,8.5767192,8.5835376,1230929.829938,1231468.1926681,0.37115727159898,34.1159510624146,,,
1996-10-31,9098.7678309,63.4688884,2050.2275608,6251.530312,8301.7578728,1.06585428852806,0.57045003159175,57.9093075,797.0099582,8.7595373,8.5914559,1235525.86195,1231979.2424734,0.27140829465164,34.1166863683415,,,
1996-11-30,9068.9386187,63.1963597,2053.9236123,6246.7792555,8300.7028678,0.15215174863108,0.48293886934136,57.8429545,768.2357509,8.4710657,8.594994,1231216.455837,1232851.7216396,0.19225210516098,34.1157138930546,82.5,74.0,0.909698515655254
1996-12-31,9110.6452598,63.4223496,2065.5478096,6258.7626347,8324.3104443,0.42010613947723,0.44327862088598,57.9484013,786.3348154,8.6309454,8.6002833,1229795.724052,1234017.7587788,0.1612816365693,34.1158986508613,,,
1997-01-31,9114.224046,63.3629702,2090.9074817,6242.3792484,8333.2867301,0.50400802414443,0.4294774641231,57.9338182,780.9373159,8.5683357,8.6087989,1236442.297349,1235590.1146134,0.1964276754078,34.1293022265951,,,
1997-02-28,9129.4182338,63.3843838,2096.1576048,6238.7205915,8334.8781963,0.5073417718337,0.42800540130898,57.8679939,794.5400375,8.7030741,8.6114391,1239667.884409,1237120.3580085,0.2745288628869,34.1490483079728,81.3,71.8,0.890527719488211
1997-03-31,9121.8185828,63.2477044,2103.2114453,6234.8114243,8338.0228696,0.86762252070451,0.40910813405821,57.8131215,783.7957132,8.5925378,8.6072427,1239621.138521,1238091.4849474,0.35838560995083,34.1676891038731,,,
1997-04-30,9111.6564252,63.1289983,2104.3592858,6226.5667497,8330.9260355,0.41877362426919,0.38545788422586,57.7198032,780.7303897,8.5684792,8.5910703,1239234.643986,1238305.0338517,0.42411860158857,34.1742189939556,,,
1997-05-31,9113.9391302,63.0966259,2099.3657891,6235.5391115,8334.9049006,0.40185226465734,0.36809620485567,57.7033014,779.0342296,8.5477225,8.5537302,1236086.574138,1237816.2094067,0.45361486330318,34.1624555099416,82.8,72.8,0.908498496831446
1997-06-30,9093.7922287,62.9091435,2115.3555349,6220.8172937,8336.1728285,0.37167106051395,0.4013603477606,57.668075,757.6194001,8.3311712,8.4895098,1239609.979934,1237117.0100054,0.45189061351918,34.1308231636366,,,
1997-07-31,9131.4034676,63.1077618,2106.1346104,6240.899362,8347.0339725,0.47652283512194,0.5226708511866,57.6869299,784.3694951,8.5898022,8.4054415,1234965.068635,1237172.4432064,0.48450828381783,34.0947039299951,,,
1997-08-31,9104.3490875,62.8595199,2111.1472076,6222.4925829,8333.6397905,0.37393880627663,0.71445879741454,57.538281,770.7092971,8.4652872,8.3056499,1234840.272649,1238585.9403038,0.59747034870505,34.0714123033938,84.9,74.0,0.932521360769933
1997-09-30,9132.7199582,62.9940635,2129.6042567,6266.2729895,8395.8772461,1.20803083192873,0.94425810758663,57.9116,736.8427121,8.0681628,8.1965497,1242215.311379,1241202.3549356,0.79045178149588,34.0639694124191,,,
1997-10-31,9121.7090124,62.8597626,2132.1706624,6256.7648207,8388.9354832,1.05011025057271,1.14871262171097,57.8100543,732.7735292,8.0332921,8.0880189,1242547.756708,1244314.8309452,1.00128216828024,34.0669592051333,,,
1997-11-30,9180.5371996,63.2065375,2158.4147515,6288.8420523,8447.2568038,1.76556055955828,1.29540113133215,58.1580187,733.2803958,7.9873365,7.9950091,1249132.310669,1247200.8300709,1.16389572074547,34.0714236201216,90.4,79.7,0.984691832673351
1997-12-31,9157.1887536,62.9874254,2162.0141352,6270.774075,8432.7882102,1.30314416582433,1.3814989426344,58.0046598,724.4005434,7.9107307,7.9222429,1252126.521262,1249294.7801322,1.23799039719805,34.067606575456,,,
1998-01-31,9159.5742342,62.9150793,2147.0196738,6292.0431581,8439.0628319,1.26932032013172,1.43189447618195,57.9660466,720.5114024,7.8662106,7.8717104,1250888.048463,1250499.2633655,1.2066419580222,34.0535103732606,,,
1998-02-28,9165.6662514,62.8683688,2163.967941,6289.2736866,8453.2416275,1.42009791159927,1.48074454502232,57.9817656,712.4246239,7.7727533,7.8451144,1248377.174042,1251063.6367572,1.12707536162007,34.0300359171671,98.3,88.8,1.07248068284163
1998-03-31,9180.0298495,62.8784371,2160.9985266,6295.3046949,8456.3032215,1.41856593283336,1.57803184727041,57.9212855,723.726628,7.8837067,7.8278986,1248552.948698,1251492.3351894,1.08237964681337,34.0009671268778,,,
1998-04-30,9187.2698122,62.87892,2175.4832642,6313.1932842,8488.6765484,1.89355315636928,1.72959125479009,58.097653,698.5932637,7.6039267,7.8153386,1252539.857421,1251888.3264489,1.09692621978204,33.9616866010746,,,
1998-05-31,9201.1672972,62.9249187,2205.5949271,6281.0864935,8486.6814207,1.8209748270682,1.91283306932,58.0386946,714.4858765,7.7651656,7.8003781,1249130.842672,1252235.4203506,1.16489110696096,33.9117360152169,104.0,94.3,1.1302913710921
1998-06-30,9229.5298402,63.0697052,2202.7799671,6303.8617906,8506.6417577,2.0449303620145,2.0754345531545,58.129872,722.8880825,7.8323392,7.7763177,1255140.369421,1252689.7073125,1.25878936116415,33.8577626299512,,,
1998-07-31,9257.1797939,63.192167,2189.0838403,6329.8329305,8518.9167708,2.05920808356936,2.16128569119096,58.1525717,738.2630231,7.9750317,7.7338509,1253413.820215,1253345.7691853,1.30728146005124,33.8096936032487,,,
1998-08-31,9248.4461991,63.0662765,2194.5203564,6336.6573306,8531.177687,2.3703675880638,2.1677151039267,58.1751355,717.2685121,7.755557,7.6673377,1249827.569721,1254171.4213887,1.25832859697061,33.7681454388063,89.8,79.1,0.970973913528726
1998-09-30,9283.7336764,63.2405117,2218.0134655,6356.9975918,8575.0110574,2.13359254845238,2.10580565944989,58.4127147,708.722619,7.6340257,7.5795135,1252503.494638,1255122.6636574,1.12151807208924,33.7355968771619,,,
1998-10-31,9262.9224463,63.032781,2233.7029102,6351.7473712,8585.4502814,2.34254749715919,2.00494559752111,58.4226857,677.4721648,7.3138059,7.4805876,1259737.736104,1256345.8688732,0.96688053769003,33.720272876952,,,
1998-11-30,9271.7701185,63.0270677,2235.7885223,6328.8806044,8564.6691267,1.38994617574764,1.8955584186479,58.2203801,707.1009919,7.6263861,7.3786738,1260265.707601,1258045.9574441,0.86955742104369,33.7283535671521,102.0,90.6,1.10011355648776
1998-12-31,9250.5921755,62.817503,2238.4914426,6347.5373423,8586.0287849,1.8171993755831,1.79770550492262,58.3046878,664.5633905,7.1840092,7.2846359,1260935.539146,1260155.6449093,0.86935965392816,33.7569264765209,,,
1999-01-31,9244.6647543,62.6899313,2221.9711238,6364.5732052,8586.544329,1.7476051551899,1.72892796463413,58.2270843,658.1204254,7.1189215,7.2029366,1257327.047635,1262547.8657006,0.96350335326656,33.7972863525748,,,
1999-02-28,9252.6110071,62.6566593,2232.5591016,6361.6904693,8594.249571,1.66809313768195,1.69252082904816,58.1983795,658.3614362,7.1154125,7.1250704,1263937.81167,1264978.8985633,1.11227449965448,33.8358642782984,87.2,75.0,0.942436680122908
1999-03-31,9271.1482586,62.6951043,2241.2973321,6379.6744679,8620.9718,1.94728800738049,1.67883145981977,58.2983586,650.1764585,7.0129011,7.0449206,1271527.600461,1267266.4517032,1.26042454038784,33.8610536393897,,,
1999-04-30,9269.7756822,62.6308857,2241.7603716,6381.0146888,8622.7750605,1.5797340296265,1.66871065357077,58.2594507,647.0006217,6.9796794,6.9698154,1272005.00572,1269233.9468853,1.38555652848067,33.8671010437847,,,
1999-05-31,9261.3575901,62.519227,2249.3522703,6361.3723899,8610.7246602,1.46162243344545,1.66413954983793,58.127099,650.6329298,7.0252436,6.9092151,1269974.600531,1271155.9134391,1.51093738294055,33.8606329275029,100.2,87.4,1.08191481675548
1999-06-30,9279.3422954,62.5858326,2257.3600884,6404.5976226,8661.957711,1.82581984435175,1.6644906268716,58.4217952,617.3845844,6.6533227,6.8680778,1262829.877319,1273379.5955822,1.65163712521337,33.8534819730038,,,
1999-07-31,9300.9109077,62.6612757,2256.1633619,6423.8614115,8680.0247734,1.89117944140766,1.69093547097037,58.4782965,620.8861342,6.6755411,6.8387936,1274345.177943,1276662.0680019,1.86032453213258,33.8660112310797,,,
1999-08-31,9332.6435209,62.8049545,2250.1570895,6437.9750839,8688.1321734,1.83977514193816,1.73996085541142,58.4676511,644.5113475,6.9059891,6.8191424,1286689.269044,1281559.168954,2.1837323908222,33.9154360571961,106.9,92.3,1.14544180071383
1999-09-30,9360.7522286,62.9239487,2256.8550414,6444.7598493,8701.6148906,1.4764276378483,1.81736746655274,58.493159,659.137338,7.0414997,6.7962314,1285031.953309,1287739.155169,2.59866963254063,33.9944691655235,,,
1999-10-31,9376.930397,62.9624971,2273.1785607,6468.3215809,8741.5001416,1.8176083383544,1.92408030975153,58.6958262,635.4302555,6.7765274,6.7633043,1299063.336303,1293902.1931982,2.98933002889434,34.0726970646653,,,
1999-11-30,9353.8157841,62.7374131,2278.008392,6473.3774244,8751.3858165,2.18008059666799,2.05845164676026,58.696827,602.4299676,6.4404729,6.719345,1299396.926038,1298557.9360791,3.2202304212563,34.1122990870061,109.6,94.2,1.1717143305976
1999-12-31,9415.1615663,63.0786923,2297.109525,6488.6730523,8785.7825772,2.3264980505458,2.21572459529777,58.8620463,629.3789891,6.6847391,6.6660215,1305950.773222,1301204.7672754,3.25746446734003,34.1009629386936,,,
2000-01-31,9374.1501344,62.7119824,2283.5384672,6456.2752031,8739.8136703,1.7849944684074,2.38191887505597,58.4683447,634.3364641,6.766869,6.6069742,1321711.026387,1302115.921066,3.13398457518623,34.0455506955617,,,
2000-02-29,9411.9782706,62.8730181,2313.1587779,6475.8155986,8788.9743764,2.26575693190327,2.56347957670167,58.7112857,623.0038942,6.6192662,6.5404069,1297692.62035,1302412.5551622,2.95923170271182,33.9664235697615,118.1,100.3,1.25478402738037
2000-03-31,9458.0046894,63.0882524,2315.593309,6521.4699977,8837.0633067,2.50657944038282,2.75437189282668,58.9463527,620.9413827,6.5652471,6.4608867,1299891.838214,1302846.3615313,2.80761080515317,33.8785976682498,,,
2000-04-30,9478.3716251,63.1656718,2339.1457296,6534.8399284,8873.985658,2.91333817404988,2.9596653990932,59.1379287,604.3859672,6.3764747,6.3612953,1294841.57961,1303902.4738741,2.73145286366445,33.7920338126815,,,
2000-05-31,9477.8486483,63.103875,2344.569622,6525.3117758,8869.8813978,3.00969718376736,3.15822885870567,59.0560061,607.9672505,6.4146124,6.2449355,1309685.821073,1305634.7548114,2.71240065894183,33.7142943834241,115.9,96.7,1.22285134845225
2000-06-30,9490.5137623,63.1299055,2320.9379857,6589.2284826,8910.1664683,2.8655041456136,3.29821666936005,59.2694959,580.347294,6.1150251,6.135772,1333164.428895,1307632.3862997,2.68991201338038,33.6541248943505,,,
2000-07-31,9561.2737211,63.5281838,2367.4944512,6624.4709288,8991.96538,3.59377553340565,3.32430874873695,59.7455157,569.3083411,5.9543149,6.0601012,1336742.832103,1309159.1856554,2.54547530376312,33.6107374962342,,,
2000-08-31,9568.0195395,63.5007093,2384.8374372,6604.1688049,8989.0062421,3.46304663298254,3.20119427370305,59.6579334,579.0132974,6.051548,6.0263619,1321495.026271,1309365.0921233,2.169694840699,33.5764501248212,114.4,99.5,1.19564973219085
2000-09-30,9555.4176141,63.3450367,2356.7183382,6628.8889579,8985.6072961,3.26367472096227,2.94086251349335,59.5676345,569.810318,5.9632173,6.0339965,1323579.675577,1308303.4674004,1.59693150191595,33.5506588047188,,,
2000-10-31,9533.4050419,63.1270892,2371.8159866,6588.6365437,8960.4525303,2.50474615515963,2.5935235882514,59.3331852,572.9525116,6.0099462,6.073418,1309533.619663,1306566.0269143,0.97873191518425,33.5364029052038,,,
2000-11-30,9497.6372004,62.818663,2329.3454266,6573.5360575,8902.8814841,1.73110488757526,2.22657594618798,58.8848678,594.7557163,6.262144,6.1333122,1302408.783157,1304624.8432496,0.4672034263499,33.5252086846653,114.8,98.6,1.20872168074777
2000-12-31,9540.1013191,63.0277823,2376.3925335,6568.0127062,8944.4052397,1.80544716541975,1.91162510124934,59.0922473,595.6960794,6.2441274,6.2087677,1297697.516066,1303201.0670725,0.1534193423899,33.5126442914157,,,
2001-01-31,9543.6607946,62.9407679,2410.3333618,6547.5633158,8957.8966776,2.49528211386358,1.6911601546877,59.0776336,585.7641171,6.1377298,6.2977389,1304959.342784,1302580.0882839,0.03564715017998,33.491295519041,,,
2001-02-28,9576.7911602,63.0487501,2397.8465856,6556.2604655,8954.1070511,1.8788617150075,1.53035497286567,58.9493128,622.6841091,6.502012,6.397898,1305172.425924,1302929.3332326,0.03967852339504,33.4677259369036,99.7,85.6,1.04105851670172
2001-03-31,9582.9479646,62.9790726,2387.1812678,6576.8148523,8963.9961201,1.43636872334914,1.38831989233628,58.9113251,618.9518444,6.4588877,6.5060682,1300868.35248,1303829.592083,0.075467881765,33.4399121755685,,,
2001-04-30,9670.8411229,63.4922209,2456.7747865,6558.1429141,9014.9177006,1.58814818990551,1.22854452158792,59.1858701,655.9234223,6.7824858,6.7437888,1303208.474975,1304909.5304365,0.07723404031958,33.407704245406,,,
2001-05-31,9674.7436979,63.4534499,2454.6535826,6553.1989535,9007.8525361,1.55550150122887,1.02377249654493,59.0795309,666.8911619,6.8931145,6.8238723,1311152.199444,1305305.3623409,-0.02522853112528,33.3642151042465,94.0,78.9,0.971601966266079
2001-06-30,9675.6373565,63.3950553,2484.5266036,6520.3087624,9004.835366,1.06248180701007,0.8248231344597,58.9999413,670.8019905,6.9328972,6.8827542,1301789.213084,1304967.8008544,-0.20377175368378,33.3107921737455,,,
2001-07-31,9691.2236618,63.4249069,2531.9557445,6492.498674,9024.4544185,0.361311872622,0.69637248335275,59.0611879,666.7692433,6.8801347,6.9177945,1306252.439762,1304477.9094941,-0.3575788347661,33.2589464613291,,,
2001-08-31,9715.5193355,63.5116539,2536.0921093,6510.8916521,9046.9837614,0.64498252352372,0.68560320886584,59.1413472,668.535574,6.88111,6.9427382,1302184.555499,1304371.9118427,-0.38134362299997,33.2206466539747,90.2,74.7,0.928411512397633
2001-09-30,9689.5379045,63.26988,2519.8018613,6506.7831047,9026.584966,0.45603673240633,0.80544524650716,58.9409891,662.9529385,6.8419459,6.9628922,1306655.525265,1304833.5231682,-0.26522472183728,33.1943121538753,,,
2001-10-31,9747.1581135,63.5660733,2519.1707455,6526.8094877,9045.9802332,0.95450204786853,1.02837916189416,58.9933431,701.1778803,7.1936648,6.96668,1303716.308358,1306040.479019,-0.0402236002218,33.1816798751678,,,
2001-11-30,9749.7525096,63.5031266,2548.7848279,6529.8845021,9078.6693299,1.97450506461245,1.291527738789,59.1321562,671.0831796,6.8830791,6.9390026,1308456.011036,1307875.4188633,0.24915788094326,33.1802077967233,88.5,73.5,0.907715348803565
2001-12-31,9732.7854554,63.3130839,2526.325278,6538.6413575,9064.9666355,1.34789728963627,1.50388148823712,58.9688322,667.8188199,6.8615385,6.869324,1313265.908082,1310210.9510072,0.53789734460905,33.1937137980994,,,
2002-01-31,9758.0544696,63.3876575,2546.0976181,6537.1247709,9083.222389,1.39905287938171,1.62054961280245,59.0039943,674.8320806,6.9156417,6.7629269,1297628.307089,1312630.5723783,0.77158281358662,33.2114997684106,,,
2002-02-28,9765.2096659,63.3445165,2584.5943978,6542.3130858,9126.9074836,1.92984550568638,1.65412853588813,59.204007,638.3021823,6.5364923,6.6363768,1319172.459632,1314907.2596183,0.91930744670414,33.2257997979492,90.5,74.6,0.926759415274256
2002-03-31,9759.9717759,63.2212238,2565.9396414,6566.4261792,9132.3658207,1.87828841449924,1.6321735835215,59.1558415,627.6059552,6.4304075,6.512526,1330426.754077,1316586.3811315,0.97840922816606,33.2248048738572,,,
2002-04-30,9737.5446394,63.0194323,2574.8982641,6544.7455607,9119.6438248,1.16169806179183,1.58915843276048,59.0205024,617.9008146,6.3455505,6.4144414,1316666.930752,1317830.6922302,0.99019598618286,33.2107347992754,,,
2002-05-31,9756.7589107,63.0872558,2545.1156539,6589.881932,9134.9975859,1.41149124378372,1.58668907326727,59.0669437,621.7613248,6.3726216,6.3531421,1323678.107039,1318765.5067792,1.03118740079031,33.1817711496264,96.2,80.5,0.985983161831536
2002-06-30,9797.585954,63.2945812,2616.3134472,6544.8325216,9161.1459688,1.73585186676695,1.63300432119151,59.1830375,636.4399852,6.4958857,6.3178333,1316406.881761,1320037.8454142,1.15482118025696,33.1540649438948,,,
2002-07-31,9770.9003372,63.0537732,2594.2006024,6572.8676407,9167.0682431,1.58030411575514,1.71766884033502,59.1571116,603.8320941,6.1799023,6.3028627,1319750.407506,1322089.097216,1.35005641672614,33.1387470696726,,,
2002-08-31,9849.5738353,63.4926643,2609.9270184,6614.2854832,9224.2125016,1.95898152217502,1.85536014676442,59.4614384,625.3613337,6.3491207,6.2916754,1330384.223261,1325355.4110951,1.6087052367416,33.1401988935473,103.0,87.8,1.04573052319134
2002-09-30,9847.2177728,63.4088273,2634.5761824,6591.0599215,9225.6361038,2.20516550334102,2.04489865505018,59.4062993,621.581669,6.3122568,6.2659977,1332610.768281,1329910.6811473,1.92186647061392,33.1542908613954,,,
2002-10-31,9837.5740207,63.2714168,2641.2713992,6593.4215638,9234.692963,2.08615014553533,2.27596549524556,59.3939224,602.8810577,6.1283509,6.2276691,1325118.04383,1335262.270827,2.2374338527355,33.1691789457398,,,
2002-11-30,9893.4046716,63.5549301,2658.6551409,6625.0448778,9283.7000187,2.25837819783505,2.52353139531998,59.638206,609.7046529,6.1627384,6.1798514,1344141.997539,1340509.4244452,2.49519221106418,33.1710362435237,97.6,83.3,0.986515797541068
2002-12-31,9942.3064795,63.7933211,2661.871403,6665.7760636,9327.6474666,2.89775838855595,2.76031369311998,59.8494536,614.6590128,6.1822577,6.1313724,1343807.649383,1344824.1017001001,2.6417998312632,33.1554313613279,,,
2003-01-31,9986.1035573,63.9766772,2692.1555455,6686.5493509,9378.7048964,3.25305816312322,2.92903721732167,60.0853349,607.3986609,6.082439,6.090014,1350848.045114,1347613.298004,2.66508539126256,33.1263320038319,,,
2003-02-28,10001.6430598,63.9787125,2695.6814977,6710.3646548,9406.0461525,3.05841457691534,2.97575151616063,60.1687862,595.5969073,5.9549906,6.0702666,1349212.593593,1349145.5937529,2.60385923677529,33.1058063214333,109.7,95.1,1.09681978595019
2003-03-31,9971.2475257,63.6873541,2694.2817211,6665.5991875,9359.8809086,2.49130501741728,2.90473708241556,59.7824944,611.3666171,6.1312952,6.0717546,1349242.579683,1349657.1116503,2.5118542157772,33.097954964393,,,
2003-04-30,9958.4513774,63.5476512,2700.9689635,6657.0292813,9357.9982448,2.61363738079132,2.74434551926208,59.7159926,600.4531326,6.0295834,6.0817618,1347791.800059,1349394.1162258,2.39510463534465,33.0978473569716,,,
2003-05-31,9981.1416446,63.6344574,2695.932187,6679.4353933,9375.3675803,2.63130878951752,2.54506338633937,59.7723638,605.7740642,6.0691861,6.0808076,1342993.190635,1348654.7170409,2.26645374845282,33.0916179921838,104.6,90.1,1.04797631097231
2003-06-30,9954.9138449,63.4095017,2713.9808383,6638.1886922,9352.1695305,2.0851491980432,2.36302207309527,59.5702202,602.7443145,6.0547416,6.0540452,1348533.164625,1348014.4813805,2.11938135436724,33.0751528519294,,,
2003-07-31,9953.0909842,63.3304231,2678.9209046,6664.2345775,9343.1554821,1.92086754816667,2.22493543075808,59.4494706,609.9355021,6.1281013,5.9978612,1350259.404173,1347898.4253104,1.95216253947998,33.050320974675,,,
2003-08-31,9981.0242284,63.4406501,2694.1238709,6706.2213,9400.3451708,1.90946022947158,2.11148043315608,59.7497807,580.6790576,5.8178304,5.9155757,1345681.0167,1348695.2824318,1.76102735472403,33.0264596286495,104.1,90.5,1.04297913338186
2003-09-30,9984.9747701,63.3983639,2690.0951265,6718.195774,9408.2909004,1.97986127509153,1.9753311130818,59.7367809,576.6838697,5.7755165,5.8299342,1347448.896665,1350294.7698619,1.53274118356692,33.0103957144487,,,
2003-10-31,10011.0669935,63.491981,2681.6618391,6750.4124539,9432.0742929,2.13738919843718,1.79598517676955,59.8199055,578.9927006,5.7835264,5.751797,1352275.151633,1352519.9393093,1.29245533700366,33.0051089057406,,,
2003-11-30,9993.8939232,63.3113166,2664.1857512,6763.8739519,9428.0597031,1.55498006300525,1.580052257847,59.7267569,565.8342201,5.6617993,5.6859126,1358308.13298,1355188.0909425,1.09500658702009,33.0126442446112,107.5,94.0,1.07565680430575
2003-12-31,10029.9532596,63.4678907,2684.2295532,6775.8794769,9460.1090301,1.4200961600909,1.36383735752263,59.8620104,569.8442295,5.6814246,5.6322102,1360243.855274,1357828.6338891,0.9670061811474,33.0256305450473,,,
2004-01-31,10014.4758517,63.2833036,2656.5448452,6803.979068,9460.5239132,0.87239141975142,1.2018284242383,59.7827801,553.9519385,5.5315121,5.5841748,1357995.186067,1360136.2796692,0.92927115543817,33.0371160013454,,,
2004-02-29,10031.5481523,63.3046314,2686.487043,6778.9781526,9465.4651955,0.63171115723484,1.14745350050622,59.732334,566.0829568,5.6430269,5.5355811,1363131.169054,1362024.1545679,0.95457160996064,33.0426756118571,103.8,91.7,1.03473560036893
2004-03-31,10045.2685915,63.3047737,2679.8744476,6819.1849678,9499.0594153,1.48696877726426,1.20195540052435,59.8625911,546.2091762,5.4374771,5.4908491,1364429.435335,1363550.0139221,1.02936532189368,33.0415096256917,,,
2004-04-30,10063.0731726,63.3649335,2694.356617,6814.5265859,9508.8832029,1.61236360761068,1.33102698047436,59.8753226,554.1899698,5.5071643,5.4632716,1367426.400887,1365043.3766141,1.15972496101215,33.0418948194217,,,
2004-05-31,10061.478444,63.3029378,2710.1248358,6814.3833105,9524.5081463,1.5907703321775,1.4855241082798,59.924528,536.9702977,5.3368926,5.4511146,1365720.884623,1366781.2089502,1.3440424506186,33.0454847430395,127.1,113.8,1.26323383494196
2004-06-30,10080.2915064,63.3693403,2697.4888518,6832.0884975,9529.5773492,1.89696966165365,1.63839966053116,59.9072983,550.7141572,5.4632761,5.4485657,1372065.759924,1368861.0413151,1.5464640938613,33.0452351935416,,,
2004-07-31,10098.4098846,63.4106306,2699.3079924,6838.5737745,9537.881767,2.0841597388919,1.78445341293174,59.8909239,560.5281176,5.5506572,5.4371077,1356487.398203,1371390.7998846,1.74288908815885,33.0368246672451,,,
2004-08-31,10092.008387,63.2980515,2688.1438781,6847.0771673,9535.2210454,1.4347970436124,1.9195465445374,59.8058275,556.7873416,5.5171114,5.403488,1372959.148949,1374702.6095471,1.9283323263656,33.0293066121644,124.6,110.5,1.23464027398653
2004-09-30,10135.7083597,63.499596,2730.8662541,6860.4878451,9591.3540992,1.94576465309142,2.06373398942175,60.0892497,544.3542605,5.3706583,5.3439759,1379620.022649,1379059.5581136,2.1302599175913,33.0319121447056,,,
2004-10-31,10166.3964308,63.6162018,2734.9158844,6910.6852398,9645.6011242,2.2638374621448,2.22905667270723,60.3573264,520.7953066,5.122713,5.2666175,1385291.974093,1384366.9079329,2.3546394916635,33.0456538814182,,,
2004-11-30,10210.6151479,63.8170826,2755.4435432,6928.1803321,9683.6238753,2.71067621809786,2.42422285723536,60.523349,526.9912726,5.1612098,5.192629,1388472.473323,1390377.0319406,2.5966093735097,33.068206635768,139.2,123.9,1.36328710840335
2004-12-31,10210.0145034,63.7377108,2755.463617,6937.0438508,9692.5074678,2.45661479123083,2.6519360793276,60.5070872,517.5070357,5.0686219,5.1374938,1396561.297619,1396513.8241839,2.84904805579167,33.0890462735697,,,
2005-01-31,10266.0270969,63.9854696,2776.1734367,6969.0248392,9745.1982759,3.0090760861859,2.89762414493666,60.7392794,520.828821,5.073324,5.109699,1408016.01333,1402466.3717642,3.11219491221093,33.1060077701092,,,
2005-02-28,10298.6343418,64.0868018,2761.7285496,7013.3038623,9775.0324119,3.27049130714854,3.1431137596909,60.8285084,523.6019299,5.084188,5.1012601,1407742.282693,1407675.6789589,3.35174117418517,33.109510980013,146.2,130.7,1.41960569865662
2005-03-31,10350.7819241,64.3092086,2801.3043409,7015.0941576,9816.3984985,3.340742165365,3.37094502500133,60.9890947,534.3834255,5.1627348,5.0964421,1413041.046453,1412123.5657344,3.5622860413153,33.1026699065695,,,
2005-04-30,10387.2870242,64.4743492,2792.8721929,7062.380731,9855.252924,3.6425909721382,3.56844909770104,61.17199,532.0341002,5.1219736,5.0804467,1416491.092228,1415787.9562608,3.71743349083664,33.0894259612956,,,
2005-05-31,10367.6897607,64.291281,2805.7018325,7033.288802,9838.9906345,3.30182391961276,3.71056008759898,61.0127546,528.6991263,5.0994883,5.0519721,1414778.794295,1418539.9739926,3.78690932414525,33.0698120394045,140.9,125.7,1.3590298634716
2005-06-30,10400.3160864,64.4320938,2798.0505473,7087.447302,9885.4978494,3.73490331373278,3.76168059703845,61.2426891,514.818237,4.9500249,5.0144094,1424106.509148,1420160.4238564,3.74759606658215,33.0407496588158,,,
2005-07-31,10418.2539811,64.460558,2821.7060852,7078.5400474,9900.2461326,3.7992121778416,3.7094717765353,61.2555032,518.0078484,4.9721177,4.9780555,1418495.990164,1421039.1761847,3.62029381444573,33.0084168791495,,,
2005-08-31,10456.982345,64.6174212,2847.8089988,7096.6384044,9944.4474032,4.29173435887382,3.57582471259843,61.4502851,512.5349418,4.9013657,4.9588896,1425094.544679,1421024.4013202,3.36958637100142,32.963539243778,139.0,123.3,1.32925537611205
2005-09-30,10450.9341146,64.4975465,2845.3356457,7082.8207396,9928.1563853,3.5115196729948,3.37759665186486,61.2712434,522.7777293,5.0022106,4.9674748,1419906.058727,1420108.0991033,2.97656042106331,32.9037703231532,,,
2005-10-31,10457.3543511,64.4533424,2868.9172484,7063.9257024,9932.8429508,2.97795671727845,3.14094683158737,61.2205445,524.5114003,5.015718,4.9991435,1416721.826701,1418847.9571451,2.49074497624957,32.8373336543445,,,
2005-11-30,10458.5210471,64.3769111,2834.7157085,7107.3458036,9942.0615121,2.66881118192948,2.88543815166318,61.1978699,516.4595351,4.9381699,5.0363319,1416941.792801,1417789.3987649,1.9715779385423,32.7744846192554,134.1,119.0,1.28220806169515
2005-12-31,10489.1891858,64.4820412,2857.9857952,7099.4130579,9957.3988531,2.73295002536762,2.63530637050695,61.2128728,531.7903327,5.0698898,5.0598957,1424320.600234,1417644.9540099,1.5131343106001,32.7272643046717,,,
2006-01-31,10500.0768732,64.4409234,2821.3751102,7136.6813324,9958.0564426,2.18423638671776,2.42300446863832,61.1144433,542.0204305,5.1620615,5.0565105,1405481.785609,1418877.106222,1.1701339004055,32.7010446177194,,,
2006-02-28,10530.3790951,64.5188747,2855.407727,7137.5522666,9992.9599936,2.22943078362274,2.26892056266312,61.2261465,537.4191015,5.1035114,5.0219433,1423802.311569,1421556.2944321,0.98606629926759,32.6941875651773,144.3,128.7,1.37032103684801
2006-03-31,10547.7120366,64.5172563,2894.7754913,7139.5687568,10034.3442481,2.220221088552,2.18536185804556,61.3771363,513.3677885,4.8671009,4.9603334,1429487.609741,1425735.3215646,0.96392101658052,32.7069874697681,,,
2006-04-30,10566.3025561,64.5680979,2882.3408922,7159.2821781,10041.6230703,1.89107420922847,2.18288792326315,61.3619095,524.6794858,4.9655921,4.8876302,1425002.665519,1430958.2919311,1.0715118463337,32.7295340345736,,,
2006-05-31,10576.6697593,64.5686388,2886.1881783,7182.9833257,10069.171504,2.33947645699428,2.25416723237424,61.4704546,507.4982553,4.7982802,4.8167412,1446376.778795,1437026.675846,1.30322036687958,32.762268249723,154.1,136.6,1.45698034926826
2006-06-30,10619.8268238,64.7691605,2900.306984,7208.9024873,10109.2094713,2.26302838064527,2.37821422636848,61.6549612,510.6173525,4.8081514,4.756079,1441606.135559,1443135.6528506,1.6177911036143,32.7953366066,,,
2006-07-31,10657.3017944,64.8931917,2915.2530397,7245.7560044,10161.0090441,2.63390331924525,2.5283632506411,61.8712241,496.2927502,4.656833,4.7069704,1450326.131443,1448761.5940492,1.95085528457637,32.8224915108854,,,
2006-08-31,10682.7656577,64.9437896,2909.7645655,7269.6133939,10179.3779594,2.36242947118814,2.67377478812283,61.8835423,503.3876982,4.7121477,4.6628322,1454417.014564,1453434.2773486,2.2807402883645,32.8373550435411,154.9,138.6,1.449999044848
2006-09-30,10723.5692622,65.0873465,2915.5206414,7307.6864045,10223.2070459,2.97185750455002,2.80102897550611,62.050368,500.3622163,4.6660044,4.6206838,1457535.963328,1457105.6356326,2.6052619904542,32.8411107177271,,,
2006-10-31,10671.9809723,64.6729539,2924.5647529,7271.105836,10195.670589,2.64604644915714,2.8995530737099,61.7864795,476.3103833,4.4631862,4.5839095,1462665.438456,1459791.1423594,2.88566403525594,32.8329013805763,,,
2006-11-30,10713.3991397,64.822597,2928.0947605,7301.5863428,10229.6811033,2.89295726897236,2.97607076500412,61.8958079,483.7180364,4.5150753,4.5594526,1456706.679011,1461976.9064493,3.11664819351123,32.8192265941064,162.1,145.0,1.51305853432937
2006-12-31,10774.5068099,65.0907253,2940.249768,7342.0687976,10282.3185656,3.2630982979942,3.040478258733,62.1173279,492.1882443,4.5680814,4.5401592,1471876.969302,1464652.4613262,3.3158871820011,32.8147384776955,,,
2007-01-31,10770.3365698,64.9333593,2918.927969,7360.9822246,10279.9101936,3.23209406228235,3.08939099285763,61.9766242,490.4263762,4.5534916,4.5197378,1438324.349982,1468062.9464821,3.46653279867668,32.820677985426,,,
2007-02-28,10809.0837435,65.0348402,2926.3001143,7381.8443551,10308.1444694,3.15406522193484,3.11759610436848,62.0208469,500.9392741,4.6344287,4.4908027,1470896.360326,1472287.9953927,3.56874371836726,32.8372272137813,160.8,143.9,1.4876376556588
2007-03-31,10819.5081138,64.9658575,2917.8304954,7419.1588812,10336.9893766,3.01609274126016,3.11850862708587,62.0685684,482.5187371,4.4597105,4.4501966,1481846.790967,1476951.3860883,3.5922561326106,32.857250055344,,,
2007-04-30,10841.7459528,65.0033717,2948.9915263,7417.2276362,10366.2191625,3.23250623855873,3.09062598031975,62.1522769,475.5267902,4.3860721,4.3976986,1481474.07119,1481497.6459199,3.53185374261302,32.869616403127,,,
2007-05-31,10865.0040977,65.0468642,2926.0622251,7475.5972596,10401.6594848,3.3020391068711,3.0421162509883,62.2729017,463.3446129,4.2645599,4.3433759,1490640.120386,1485574.0519979,3.37832115213306,32.8691646874024,168.6,151.2,1.55177115888701
2007-06-30,10895.328996,65.1324935,2959.487824,7464.7137634,10424.2015874,3.1158926619758,2.9980175942952,62.3160845,471.1274086,4.3241228,4.3010057,1484266.099447,1489342.8455356,3.20186065625416,32.8602417570874,,,
2007-07-31,10910.906454,65.121541,2962.4355077,7484.3956478,10446.8311555,2.81293039066788,2.96664094572046,62.3517162,464.0752985,4.2533157,4.2761281,1495012.643056,1493202.3472544,3.06749940002142,32.8546419795196,,,
2007-08-31,10955.5310758,65.283699,2971.7925103,7512.7650055,10484.5575157,2.99801773268655,2.95137898706965,62.477181,470.9735601,4.2989569,4.2677915,1495269.26769,1496732.3817116,2.97902045092715,32.846171560343,173.3,155.1,1.58184937636485
2007-09-30,10976.1079088,65.3022846,3015.5779991,7498.073099,10513.6510981,2.84102680201983,2.96668129621955,62.5509007,462.4568108,4.2133042,4.2690603,1483759.816546,1500113.7539437,2.95161292766728,32.8363046780089,,,
2007-10-31,10979.1070768,65.2133388,2942.2495976,7561.8809456,10504.1305432,3.02540133586502,3.01457294571381,62.3920888,474.9765337,4.3261855,4.2675993,1511467.434529,1503209.1727361,2.9742631748351,32.8200538125664,,,
2007-11-30,11050.6801616,65.5313277,2995.3060173,7566.1820051,10561.4880224,3.24357050576058,3.08603727728962,62.6303831,489.1921392,4.4268057,4.2528163,1513987.134736,1506101.0544903,3.01811525519675,32.7976024411884,183.3,164.4,1.65872142998898
2007-12-31,11058.6693224,65.4718413,2999.7448379,7582.4749708,10582.2198087,2.91666943779911,3.1526898673306,62.6510655,476.4495137,4.3083801,4.2254109,1506078.370047,1509225.2359761,3.04323215416855,32.77991799714,,,
2008-01-31,11076.9454925,65.430598,3036.3121654,7572.9144782,10609.2266436,3.20349539828688,3.1979326992566,62.6678215,467.7188489,4.2224533,4.1944629,1504576.038777,1512582.6344588,3.0325462599122,32.7680791113313,,,
2008-02-29,11090.6081041,65.3623638,3014.6934525,7634.618603,10649.3120554,3.30968960527052,3.21483114849552,62.7615909,441.2960487,3.9790068,4.1702069,1522561.747331,1516679.0054053,3.01510371282758,32.7736850356575,178.2,159.4,1.60676491611062
2008-03-31,11121.0775551,65.3932538,3045.7251435,7624.1558398,10669.8809833,3.22039226869646,3.21278368594569,62.7401645,451.1965717,4.05713,4.1597122,1521782.03473,1521589.4090069,3.02230820452551,32.7966131817036,,,
2008-04-30,11185.6887762,65.66009,3072.0530166,7636.4986691,10708.5516857,3.30238554514064,3.1897240861089,62.8592911,477.1370905,4.2656031,4.1627926,1527045.477755,1527128.5541141,3.08005269666607,32.8346821445726,,,
2008-05-31,11156.0744364,65.3738852,3046.6815197,7633.4209483,10680.102468,2.67690923363613,3.14674698214499,62.5847198,475.9719684,4.2664825,4.1723655,1530694.347517,1532505.5443662,3.15914863383506,32.8731166485037,184.5,165.2,1.65380753823239
2008-06-30,11208.9921285,65.5714344,3059.9868367,7673.3483946,10733.3352313,2.96553785254552,3.07192270891605,62.7888911,475.6568971,4.2435296,4.1838209,1532936.543033,1536627.2885242,3.174852797013,32.8930567807142,,,
2008-07-31,11228.5539856,65.5580882,3003.7609804,7747.5373963,10751.2983767,2.91444569810728,2.96257658083081,62.7716238,477.2556088,4.2503746,4.1978992,1548544.370902,1538962.5298065,3.06456674383355,32.8871863310904,,,
2008-08-31,11245.0596313,65.5269541,3030.9158458,7762.6178516,10793.5336974,2.94696444020004,2.8160692243667,62.8958326,451.5259339,4.0153272,4.2285146,1541011.645116,1539374.516973,2.84901534719495,32.8566967050098,,,
2008-09-30,11260.7892483,65.491458,3056.5018964,7721.2933729,10777.7952693,2.51239240046437,2.62834397146314,62.6824204,482.993979,4.2891663,4.2885179,1536909.433706,1537927.6990184,2.52073850901569,32.8018759265236,,,
2008-10-31,11270.9894365,65.4308924,3084.6107788,7702.8412266,10787.4520054,2.69723858661877,2.40351895008803,62.6238376,483.5374311,4.2901063,4.3964312,1536067.597692,1534407.3588186,2.0754387778059,32.7149049952256,,,
2008-11-30,11284.5254151,65.389874,3075.7480348,7705.1604772,10780.908512,2.07755279497195,2.1505040877922,62.4715903,503.6169031,4.4628984,4.5565694,1528762.347482,1529788.8695995,1.57279055336805,32.6121151643889,,,
2008-12-31,11305.7989352,65.3937634,3123.850917,7665.2720119,10789.1229289,1.9551958279103,1.886407092701,62.4052627,516.6760064,4.5700088,4.758917,1525824.663458,1524812.5122608,1.03279987063156,32.5052869100339,,,
2009-01-31,11347.9046132,65.4985793,3068.850408,7722.084578,10790.934986,1.71273881220753,1.6083478825563,62.2838255,556.9696271,4.9081275,4.9875631,1546704.444003,1520305.1180874,0.51054953644651,32.4140457685671,,,
2009-02-28,11409.9995795,65.718089,3141.5358364,7663.443421,10804.9792574,1.46175829189892,1.31594982478163,62.233358,605.0203221,5.3025446,5.2175641,1512435.443469,1516426.4363377,-0.01665277007856,32.3426147274071,,,
2009-03-31,11423.1118587,65.6551394,3150.9588292,7619.7435494,10770.7023786,0.94491583793486,1.01047882976095,61.90537,652.40948,5.7113113,5.4263205,1511450.373433,1512771.2986955,-0.57953283975308,32.2803598356786,,,
2009-04-30,11424.3000592,65.5664265,3128.2309863,7666.2128554,10794.4438417,0.80208938165465,0.71641290158906,61.9515511,629.8562176,5.5133025,5.5943238,1517301.389371,1509748.3142699,-1.13809933010404,32.2300903217844,,,
2009-05-31,11437.4637124,65.5465899,3156.0895049,7616.6082133,10772.6977182,0.86698840650112,0.46428170663246,61.736904,664.7659942,5.8121801,5.7080536,1503371.011387,1507381.7909576,-1.63939070243236,32.184769831917,,,
2009-06-30,11424.8269613,65.3791779,3157.7802078,7597.3767429,10755.1569507,0.20330790876972,0.2779620689873,61.5469557,669.6700105,5.8615331,5.7651979,1507467.619535,1505964.3266805,-1.99547164577228,32.1473277818008,,,
2009-07-31,11448.7475101,65.4099097,3202.5819248,7596.7014164,10799.2833413,0.44631785779465,0.17358904860907,61.6993385,649.4641688,5.6727967,5.7727777,1500851.638066,1505993.0855854,-2.14231624113976,32.126870068965,,,
2009-08-31,11443.4103928,65.2736403,3218.2181967,7571.2293683,10789.4475651,-0.03785722465466,0.1707067734457,61.5434119,653.9628278,5.7147547,5.7440847,1503125.41662,1507800.094359,-2.05112026124009,32.1279218030341,,,
2009-09-30,11458.9350883,65.2566304,3231.6542095,7578.488344,10810.1425535,0.30012895394422,0.26844519224298,61.5618704,648.7925348,5.6618921,5.6909,1516049.678563,1511593.9907698,-1.71228519165157,32.1538986673586,,,
2009-10-31,11465.3356726,65.2104711,3238.1683339,7582.3949015,10820.5632353,0.30694208311124,0.44381438719958,61.5432505,644.7724373,5.6236682,5.6227716,1508464.335389,1516832.8037618,-1.14536436206427,32.1973038654817,,,
2009-11-30,11489.3436574,65.2644312,3242.7252365,7607.9696757,10850.6949123,0.64731465091574,0.6693137653676,61.6366307,638.6487451,5.5586182,5.5503267,1528138.708278,1522405.5544138,-0.48263622075071,32.238937636841,148.9,132.4,1.29598351690087
2009-12-31,11519.9689872,65.3558119,3270.6411389,7616.7514966,10887.3926355,0.91082201257318,0.89559776274135,61.76704,632.5763518,5.4911289,5.4902096,1529808.147485,1527196.3074987,0.1563336619245,32.2671200104646,,,
2010-01-31,11545.1257757,65.390434,3297.3266982,7639.8171274,10937.1438256,1.3549228105784,1.10502077957986,61.9468852,607.9819501,5.2661354,5.4393443,1533227.360016,1531285.6595293,0.72225905913637,32.2913332086047,,,
2010-02-28,11531.8007667,65.2073256,3298.0327978,7622.7934469,10920.8262447,1.0721629772742,1.28417361044673,61.75253,610.974522,5.298171,5.4001328,1536424.461009,1534573.3777318,1.19669117863221,32.3146793601455,168.4,151.5,1.46030965507385
2010-03-31,11552.1148268,65.2147395,3289.6715582,7636.0196936,10925.6912519,1.43898575832846,1.43393454656269,61.678413,626.423575,5.4225878,5.3680311,1524978.363377,1537847.9938256,1.65766597711923,32.3515601801906,,,
2010-04-30,11573.9700755,65.2658922,3259.5810972,7677.948169,10937.5292662,1.32554698137617,1.5794934716793,61.6769874,636.4408093,5.498898,5.3287192,1537793.677736,1541616.2380348,2.11081035585132,32.3986715046698,,,
2010-05-31,11542.5052351,65.0165834,3244.3948721,7694.470779,10938.8656511,1.54249137260454,1.73362775210584,61.6164045,603.6395839,5.2297103,5.282566,1554880.162543,1546116.5074986,2.56966859845063,32.4492623385173,170.3,155.3,1.4754162682303
2010-06-30,11588.9718939,65.20632,3280.0865157,7712.7338692,10992.8203849,2.20976258449237,1.91984521729252,61.8520237,596.151509,5.1441277,5.2362507,1554492.242046,1551303.9865788,3.01067290207593,32.4913941906678,,,
2010-07-31,11634.2386152,65.3835219,3306.1230743,7712.8781264,11019.0012007,2.03455963193155,2.13923188734801,61.9259352,615.2374145,5.2881622,5.1940653,1548260.778216,1556308.2369403,3.3409948449625,32.5048725434261,,,
2010-08-31,11647.0113706,65.377918,3284.2796837,7776.6424188,11060.9221025,2.5161115595772,2.3544236921369,62.0880358,586.0892682,5.0321001,5.1559458,1563055.957359,1560937.4498805,3.52416449105544,32.4950905052927,178.6,160.6,1.53344059104151
2010-09-30,11677.5575733,65.4719659,3273.1466042,7814.1932957,11087.3398999,2.56423395924832,2.51536157666612,62.1628226,590.2176734,5.0542904,5.1253187,1562169.544753,1565210.9453682,3.54704735039961,32.4774864625436,,,
2010-10-31,11724.0575859,65.655358,3311.5371271,7792.9248694,11104.4619965,2.62369670622906,2.59970250264412,62.1855891,619.5955894,5.2848221,5.099325,1568685.597665,1569393.5626831,3.46516496682743,32.4688987849968,,,
2010-11-30,11764.1663555,65.8025737,3305.3548422,7857.7597657,11163.1146079,2.87925979050292,2.59418546271248,62.4406056,601.0517475,5.1091742,5.0720232,1571468.695854,1573456.7511835,3.35332438992297,32.4774875353724,191.1,173.3,1.62442449575406
2010-12-31,11741.978245,65.601393,3313.9433478,7855.3919937,11169.3353415,2.58962559208789,2.53195406099154,62.4020878,572.6429035,4.8768861,5.0418922,1570253.277082,1576717.1508014,3.2425984177376,32.4907619663201,,,
2011-01-31,11792.00924,65.7805484,3336.3298279,7865.6762986,11202.0061265,2.42167704039926,2.44980638376182,62.4892748,590.0031134,5.0034146,5.0144539,1581312.32369,1578619.8797917,3.09114239840462,32.4934770259384,,,
2011-02-28,11761.0391882,65.5079898,3280.0165268,7896.2836953,11176.3002221,2.33932828593428,2.37943506731801,62.2510434,584.738966,4.9718308,4.9918153,1580355.844952,1579271.1402663,2.91271588463016,32.4830022133536,189.4,171.4,1.61040191235845
2011-03-31,11796.2720819,65.6044439,3283.7426075,7931.3924935,11215.135101,2.64920399475561,2.33437914468142,62.3724764,581.1369809,4.9264461,4.9786285,1581048.326335,1579306.2386808,2.69586103578854,32.4658375447668,,,
2011-04-30,11766.0528236,65.3576249,3298.6390044,7883.8538603,11182.4928648,2.2396611943888,2.2811544816766,62.1160881,583.5599588,4.9596918,4.9850777,1554478.874101,1579003.8240894,2.42522004712797,32.4443058441905,,,
2011-05-31,11762.4234291,65.2589148,3336.5084022,7836.2330175,11172.7414197,2.13802578859246,2.20226905765382,61.9873094,589.6820094,5.0132697,5.0107231,1575152.161291,1579337.678102,2.14868481400194,32.4322493191831,187.3,169.7,1.5923589312099
2011-06-30,11785.1207075,65.3063363,3298.3318885,7907.3619784,11205.6938668,1.93647739566825,2.06788674458274,62.0954872,579.4268407,4.9165966,5.0523536,1583371.249059,1580461.2396252,1.87953188405725,32.4314349594517,,,
2011-07-31,11811.2089189,65.3722528,3325.5515457,7884.1308795,11209.6824252,1.73047648354814,1.86484634043,62.0429457,601.5264938,5.0928444,5.112924,1583720.860712,1582039.4339886,1.653348381609,32.4373839598602,,,
2011-08-31,11842.7904582,65.4652268,3333.4598406,7885.2228917,11218.6827323,1.42628822749182,1.62601685816675,62.0152499,624.107726,5.2699381,5.1811249,1585350.544181,1583695.4484473,1.4579699249667,32.4413572146227,183.4,166.3,1.54862150645428
2011-09-30,11865.574524,65.5093912,3350.6514062,7895.337981,11245.9893872,1.43090668034296,1.38851445647432,62.0886849,619.5851367,5.2217036,5.2350521,1582425.521828,1584899.7232794,1.25789932465419,32.4356468991746,,,
2011-10-31,11864.7847874,65.4059911,3332.8200688,7916.454493,11249.2745618,1.30409348373333,1.18129504252877,62.0129201,615.5102256,5.1877066,5.2627019,1593831.290939,1585718.7486229,1.04022256290448,32.4236288755699,,,
2011-11-30,11873.9414586,65.3576439,3370.2959042,7882.4956865,11252.7915906,0.8033329930747,1.02134736090636,61.9386535,621.1498679,5.231202,5.2583584,1586966.27059,1586486.3248244,0.82808590900891,32.4153556537549,179.3,161.8,1.51002934135352
2011-12-31,11847.5098291,65.1138566,3315.2630943,7916.5504472,11231.8135415,0.55937258654828,0.92656511004674,61.7299928,615.6962876,5.1968413,5.2249975,1589865.214097,1588084.7103435,0.7209637782098,32.4245738034178,,,
2012-01-31,11909.8688878,65.3404058,3343.0256307,7965.6428897,11308.6685204,0.95217225107274,0.89943844877773,62.042076,601.2003674,5.0479176,5.182027,1590884.61021,1590235.2186325,0.7357907365472,32.4407762056022,,,
2012-02-29,11889.2111886,65.11152,3322.3751593,7949.5884151,11271.9635745,0.85594830578042,0.939784470952,61.7311502,617.2476141,5.1916616,5.1482364,1587282.347573,1592170.8011893,0.81681103352682,32.4434286551079,181.8,164.7,1.52911742516879
2012-03-31,11952.948617,65.3448074,3366.5118363,7966.8953276,11333.4071638,1.05457546195278,1.02843678891835,61.957876,619.5414531,5.1831684,5.1327586,1596181.594224,1593102.6934014,0.87357691514751,32.4160727887848,,,
2012-04-30,11917.2941473,65.0580548,3376.5016006,7945.5364383,11322.0380389,1.24788967707958,1.1334338367103,61.8084745,595.2561084,4.9948931,5.139075,1595242.818893,1592965.0547491,0.88417966104366,32.3643433787478,,,
2012-05-31,11987.4480282,65.3489109,3377.0696863,7986.981954,11364.0516403,1.71229435474698,1.21274670103793,61.9504999,623.3963879,5.2004095,5.167214,1606142.1493,1591821.1033635,0.79042154408058,32.296920961534,178.1,162.8,1.48572072705572
2012-06-30,11955.8176751,65.0848722,3379.5794187,7959.0376666,11338.6170853,1.18621140359565,1.2481713238829,61.7249664,617.2005898,5.1623453,5.2056261,1578707.00975,1590192.5518595,0.61572609250498,32.2288524720976,,,
2012-07-31,11968.8140614,65.0598325,3381.9147999,7966.6369453,11348.5517452,1.23883366836346,1.24289888204006,61.6882234,620.2623161,5.1823206,5.2442732,1588829.759945,1589176.6414928,0.45113967141805,32.183710884491,,,
2012-08-31,11978.4968355,65.0168842,3382.4208079,7978.357262,11360.7780699,1.26659556198063,1.20852126594255,61.6640303,617.7187655,5.1568972,5.2788547,1587908.173122,1589350.7637222,0.3570961374199,32.1684415906178,175.3,162.3,1.46345574413371
2012-09-30,12051.3928311,65.316664,3366.880847,8023.0917869,11389.9726339,1.28030751001669,1.1836795684278,61.73187,661.4201972,5.4883299,5.3065108,1598034.592359,1591046.4202184,0.38782875968213,32.1805273391131,,,
2012-10-31,12042.5993757,65.1794458,3352.738194,8038.3048953,11391.0430892,1.26024595293828,1.18924864465468,61.6529582,651.5562865,5.410429,5.3275726,1586286.469006,1593637.4498784,0.4993761511855,32.2025760463483,,,
2012-11-30,12016.8547821,64.9509793,3369.4776839,8015.6662353,11385.1439192,1.176173285841,1.23360161747192,61.5365885,631.7108629,5.2568736,5.3526455,1600326.304945,1596121.3293882,0.60731721496978,32.2148171830975,164.8,152.5,1.37140710267617
2012-12-31,12051.4452959,65.0488061,3391.8925439,8004.8677527,11396.7602966,1.46856742671648,1.29355721563598,61.5150824,654.6849993,5.432419,5.390834,1600716.459461,1598029.2972445,0.62620002801042,32.2109494330411,,,
2013-01-31,12123.4834926,65.3291061,3400.2497845,8069.8301306,11470.079915,1.42732448394634,1.33611372301585,61.8081485,653.4035776,5.3895696,5.4398274,1600374.55764,1599182.3647462,0.56263035863298,32.1931606241394,,,
2013-02-28,12122.6744718,65.2165733,3457.8034871,8010.9417294,11468.7452165,1.7457618692556,1.34077044673517,61.6986182,653.9292553,5.3942656,5.4951137,1602276.142435,1600181.0632399,0.50310318746059,32.1752562518077,149.8,138.5,1.23570092019272
2013-03-31,12118.6139471,65.0869563,3441.6941689,7993.3811955,11435.0753644,0.8970665143377,1.29086799902336,61.4157901,683.5385828,5.6404023,5.5543679,1595455.79161,1601457.2749587,0.52442203455587,32.1707874174215,,,
2013-04-30,12146.183944,65.1501138,3443.9092059,8023.4197832,11467.3289892,1.28325792406643,1.20467280163314,61.5088486,678.8549548,5.589039,5.6062464,1607706.662023,1603362.7024882,0.6527229023701,32.1878347692825,,,
2013-05-31,12138.5738445,65.0246453,3453.6521684,8003.9850375,11457.6372059,0.82352288217453,1.11250542483112,61.3769628,680.9366386,5.6096923,5.6452139,1605504.756736,1605661.4471913,0.8694660347545,32.2192903663978,143.5,132.4,1.18218171128085
2013-06-30,12162.8703167,65.0702066,3477.0949057,7993.1217025,11470.2166081,1.16063115819136,1.03346085286207,61.3645748,692.6537086,5.6948211,5.672296,1603683.30399,1607894.8201642,1.11321539545635,32.2542935226718,,,
2013-07-31,12141.5931386,64.8684601,3465.4053649,7991.9204799,11457.3258449,0.95848441406639,0.97452448131559,61.2126494,684.2672937,5.6357291,5.6972485,1613531.707958,1608979.0228145,1.24607805102763,32.2702634245714,,,
2013-08-31,12170.8062446,64.9366538,3462.3406361,7997.2662395,11459.6068756,0.86991229906905,0.9092755794833,61.1420895,711.199369,5.8434861,5.7261441,1617936.166077,1608551.3944258,1.20808012566296,32.2636962293573,140.6,129.1,1.15522338598055
2013-09-30,12168.5415691,64.8369354,3471.239687,8002.9062349,11474.145922,0.73901220666215,0.80423702384131,61.1370273,694.3956471,5.7064821,5.7642008,1605494.767305,1606981.5599878,1.00155090177776,32.243517396186,,,
2013-10-31,12179.8398365,64.8313813,3505.4107709,7965.1837153,11470.5944862,0.6983679754089,0.66107501739918,61.0561793,709.2453503,5.823109,5.8059981,1603201.657147,1605142.1908184,0.72191707975222,32.2220400858432,,,
2013-11-30,12153.7617968,64.6270847,3494.7929339,7954.4854556,11449.2783896,0.56331716889273,0.5150314804465,60.8810257,704.4834072,5.7964227,5.8374865,1602651.80582,1603858.4602527,0.4847457847998,32.2051106930915,138.9,128.9,1.14285603356626
2013-12-31,12135.2206402,64.4632447,3509.8424303,7909.3077862,11419.1502165,0.1964586366415,0.39927194445,60.6594224,716.0704237,5.9007615,5.8506471,1601783.373312,1603402.9498091,0.33626746229658,32.1907357985257,,,
2014-01-31,12177.5486549,64.5788029,3516.1733275,7937.1620763,11453.3354038,-0.14598425925614,0.34750253052398,60.7382249,724.2132511,5.9471185,5.84663,1594642.526744,1604060.2324421,0.3050226042653,32.1795323518371,,,
2014-02-28,12195.521315,64.5650404,3521.7216702,7957.1489696,11478.8706398,0.08828710646942,0.35762919960645,60.7709771,716.6506752,5.8763431,5.8374931,1604786.282283,1605806.002045,0.3515188958499,32.1732972518721,143.2,133.0,1.17420154744734
2014-03-31,12252.0451945,64.7550701,3542.9448176,7989.2821609,11532.2269785,0.84959312469821,0.4248163189481,60.9506539,719.818216,5.8750862,5.8386332,1611634.646325,1608177.1916859,0.41961261360366,32.1691204260885,,,
2014-04-30,12248.9235239,64.6754497,3530.6887753,8007.2410222,11537.9297975,0.61566916207334,0.51449424544947,60.9213371,710.9937264,5.8045405,5.8623116,1609046.351099,1610702.1321035,0.45775229796166,32.1696642512499,,,
2014-05-31,12238.5879184,64.5579348,3491.3333618,8021.5235398,11512.8569016,0.48194662396506,0.5855965527791,60.7297402,725.7310168,5.9298591,5.9195682,1610902.994723,1612899.3533004,0.45077411067949,32.1761044276672,147.4,135.2,1.20438731153283
2014-06-30,12270.941008,64.6656067,3528.8578594,7999.9106239,11528.7684833,0.5104687836379,0.62527384544206,60.7544938,742.1725247,6.048212,6.0049723,1616323.161104,1614307.6514584,0.39883400417604,32.181710792446,,,
2014-07-31,12304.7341237,64.7637321,3514.5902905,8030.7019871,11545.2922776,0.76777455656598,0.65169533527132,60.766548,759.4418461,6.1719484,6.1001048,1614499.635778,1614567.2942272,0.34731785395965,32.1726759823558,,,
2014-08-31,12299.1169916,64.6544528,3533.1779894,8015.6190739,11548.7970633,0.77830058804116,0.69801583916316,60.7101433,750.3199282,6.1006,6.1853681,1615080.004007,1614073.9092199,0.3433222471621,32.1500522194783,146.6,134.2,1.1919554883503
2014-09-30,12315.2147702,64.6594435,3535.2459685,8011.8801501,11547.1261186,0.6360403388288,0.7941727638512,60.6266933,768.0886516,6.2369083,6.2500746,1610540.454516,1613509.9215937,0.40624993891962,32.1194229568838,,,
2014-10-31,12325.9777423,64.6444298,3528.5958209,8013.7641225,11542.3599434,0.6256472346428,0.93890202343836,60.5346929,783.6177988,6.3574494,6.2857896,1611207.958459,1613902.6511274,0.5457747207139,32.0965447272323,,,
2014-11-30,12317.6980818,64.529679,3557.7335231,7984.3213856,11542.0549087,0.810326344971,1.09968735170067,60.466257,775.643173,6.2969815,6.2934816,1611863.115007,1615875.771068,0.7492750210269,32.0934875200314,149.7,137.2,1.21532447869614
2014-12-31,12353.0615975,64.6435761,3568.7033167,8030.0814883,11598.784805,1.57309944342827,1.25495325686384,60.6964454,754.2767925,6.1059907,6.2757462,1601946.902596,1619515.34669,1.00488756633623,32.1112355042968,,,
2015-01-31,12395.7410596,64.7667893,3578.4942862,8029.9056886,11608.3999748,1.35388134139993,1.38349097014732,60.6529929,787.3410848,6.3517065,6.2380428,1629234.378417,1624014.895534,1.24400958818858,32.1352603939446,,,
2015-02-28,12439.1346026,64.8933614,3605.8089849,8067.8910153,11673.7000002,1.69728683695136,1.47653683329962,60.9001878,765.4346024,6.1534393,6.1908323,1627595.45461,1628298.8943235,1.40072289242008,32.1492603214459,151.9,138.5,1.22114604313591
2015-03-31,12453.657104,64.8691458,3592.1714675,8101.403362,11693.5748294,1.39910401695011,1.532891876322,60.9099965,760.0822746,6.1032857,6.1460322,1635998.434153,1631397.6606058,1.44389990356457,32.1409247011793,,,
2015-04-30,12453.3804606,64.8024707,3607.1340299,8085.0383402,11692.1723701,1.33683056932292,1.57104924206217,60.8414446,761.2080906,6.1124615,6.1147931,1631137.173417,1633165.8032687,1.39465086172472,32.1137952146271,,,
2015-05-31,12473.379419,64.8413331,3626.2592989,8107.3397021,11733.599001,1.91735293234925,1.62650849163914,60.9956754,739.780418,5.930874,6.0960074,1636748.899289,1634349.7210164,1.32992599148278,32.0822030466389,157.8,145.3,1.26509420341718
2015-06-30,12477.0828966,64.7954925,3620.3950211,8107.1430189,11727.53804,1.72411786209365,1.7257093500841,60.9029859,749.5448567,6.0073726,6.0832294,1632951.144281,1635900.511538,1.33759262431126,32.0589270802229,,,
2015-07-31,12547.8046018,65.0833851,3628.3968978,8132.1015862,11760.498484,1.86401696228635,1.87215446341775,60.9997586,787.3061177,6.2744531,6.065958,1638819.943879,1638246.7056198,1.4666103715382,32.0445993873988,,,
2015-08-31,12527.2541964,64.89776,3647.5208251,8117.144052,11764.6648771,1.8691800766505,2.06345424356411,60.9471466,762.5893193,6.0874419,6.0368709,1636492.828788,1641475.1011122,1.69764170870856,32.0348210411363,161.5,148.1,1.28918913488968
2015-09-30,12559.3666219,64.9850587,3640.4039151,8143.4976873,11783.9016024,2.05051439958384,2.27107670013094,60.9726239,775.4650194,6.1743959,5.9917316,1647420.370382,1645413.5813269,1.9772831456585,32.0271536688056,,,
2015-10-31,12606.1943667,65.1543084,3684.9398172,8175.9159905,11860.8558076,2.75936520574476,2.45040825581406,61.3020738,745.338559,5.9124787,5.9355639,1654182.394971,1649826.039918,2.22587085816517,32.0261997208115,,,
2015-11-30,12632.6607776,65.2180609,3700.6940035,8192.8827642,11893.5767677,3.04557430873973,2.5795990628926,61.4024256,739.0840099,5.8505807,5.8735466,1652141.49742,1653787.7305414,2.34621746004289,32.0204707640011,167.4,151.8,1.32513650882505
2015-12-31,12633.1037163,65.1474708,3685.5920846,8222.2362906,11907.8283753,2.66444783221411,2.6254172652592,61.4073088,725.275341,5.7410701,5.8144634,1652076.281565,1656654.5156076,2.29322735307855,32.0072941144693,,,
2016-01-31,12678.5784246,65.272092,3722.6051027,8190.0265766,11912.6316794,2.62078930137173,2.57264929969465,61.3288308,765.9467453,6.0412668,5.766772,1662460.084031,1658136.7509254,2.10108019853972,31.9875212455185,,,
2016-02-29,12646.4763007,64.9976026,3715.2469602,8211.0772771,11926.3242373,2.16404599309277,2.45767065823475,61.296322,720.1520634,5.6944879,5.7300731,1663194.839825,1658440.0289284,1.85108119338389,31.9589241319888,172.2,156.6,1.3616441126013
2016-03-31,12657.3678831,64.9446123,3752.2909364,8189.5134764,11941.8044128,2.12278611991177,2.31921483405018,61.2730755,715.5634704,5.6533355,5.7011618,1656485.469826,1658165.5042739,1.64079208365175,31.9278158088613,,,
2016-04-30,12663.0578092,64.9001607,3773.4470006,8174.7555507,11948.2025513,2.1897571562898,2.20044693290686,61.2364152,714.8552579,5.6452025,5.6797958,1627419.911219,1657742.0684008,1.5048236427013,31.8952139406836,,,
2016-05-31,12666.5550493,64.8445846,3772.3824147,8169.467436,11941.8498508,1.77482501133923,2.09690978412551,61.1345618,724.7051985,5.7214072,5.6606001,1662527.43672,1657364.4997975,1.4081918016168,31.8657852314138,171.3,154.9,1.35238033808937
2016-06-30,12685.4373099,64.8678065,3755.2014556,8207.805552,11963.0070076,2.00782949325653,1.9779033346334,61.1736123,722.4303023,5.6949578,5.6443727,1657295.440522,1657243.4520672,1.30466005595502,31.8472787086382,,,
2016-07-31,12720.2515229,64.9473234,3820.7964645,8175.2204434,11996.0169078,2.00262279800827,1.81592283546397,61.2495113,724.2346151,5.6935558,5.6378281,1660963.353748,1657874.8667148,1.19811997958965,31.8501578455894,,,
2016-08-31,12667.1268949,64.5795566,3790.7760537,8165.0815866,11955.8576403,1.625144151553,1.60265438739378,60.9533631,711.2692546,5.6150796,5.6418887,1662583.557291,1659483.3180905,1.09707524446143,31.8754144049256,177.1,160.0,1.39810709618219
2016-09-30,12659.5208632,64.4445957,3835.5529848,8106.7963572,11942.349342,1.3446118691939,1.34951990723127,60.7937601,717.1715212,5.6650763,5.6554441,1658730.383825,1661842.9802743,0.99849661713325,31.9162278660629,,,
2016-10-31,12670.279301,64.4195741,3815.0617888,8146.0303634,11961.0921522,0.84510212606894,1.09957108740955,60.8138498,709.1871487,5.5972495,5.6871553,1663137.713749,1664908.6558416,0.9141943185931,31.9674762924343,,,
2016-11-30,12720.9805614,64.5974261,3800.95382,8186.3606868,11987.3145067,0.78813750338391,0.88465699510114,60.8718533,733.6660547,5.7673703,5.7342511,1666371.62945,1668383.9576871,0.8825937498594,32.0198158964929,182.4,164.9,1.43385173115873
2016-12-31,12762.7058535,64.7293328,3811.8204837,8205.9908792,12017.8113629,0.92361918675394,0.7513355756171,60.9514095,744.8944906,5.8364934,5.7799609,1676525.173761,1671667.4479551,0.9062198669705,32.0564986936318,,,
2017-01-31,12764.8073845,64.6206095,3883.8277995,8155.4445639,12039.2723633,1.06307898462936,0.7476477069216,60.9476583,725.5350211,5.6838697,5.803788,1707702.675497,1674674.2100851,0.9973519464224,32.0668026962315,,,
2017-02-28,12767.6145554,64.515877,3835.8846603,8179.2906579,12015.1753182,0.74499970931625,0.85826586839142,60.7137355,752.4392372,5.8933424,5.8009154,1662476.40781,1677863.5687755,1.1711933810263,32.0580813656473,185.1,166.9,1.44976181100104
2017-03-31,12825.4370216,64.6889928,3823.7717018,8251.9228114,12075.6945132,1.12118818707572,1.0660700234324,60.9074384,749.7425085,5.8457463,5.7715557,1679913.264664,1681603.9887397,1.41351900069007,32.0375785308737,,,
2017-04-30,12853.8849951,64.7579916,3873.5160135,8259.4395996,12132.9556131,1.54628330919866,1.33857751515063,61.1259427,720.929382,5.6086497,5.7243474,1666873.689158,1686159.7943379,1.7142429138276,32.0134505348288,,,
2017-05-31,12879.2435767,64.8112758,3841.2034149,8323.6509798,12164.8543946,1.86742042971728,1.64053568560725,61.2163073,714.389182,5.5468256,5.6697917,1713933.107112,1691552.3971837,2.0627868758126,31.9981671167514,185.8,167.0,1.44263130744831
2017-06-30,12923.9795533,64.9618505,3811.4755278,8385.8569403,12197.3324682,1.95875050855638,1.95150938169377,61.3093888,726.6470851,5.6224716,5.6153965,1710421.622606,1697550.9047316,2.43219863769089,31.9974348446369,,,
2017-07-31,12959.305248,65.0491577,3862.4051268,8370.4478002,12232.852927,1.9742888078626,2.25206942869278,61.4027344,726.452321,5.6056425,5.5651894,1701844.947914,1703794.8442615,2.76980962005255,32.0114270199929,,,
2017-08-31,13000.8191498,65.1672387,3867.1597743,8414.7360141,12281.8957884,2.72701597751557,2.52175277390623,61.5636003,718.9233614,5.5298313,5.527682,1705289.172403,1709635.5381932,3.02215873796237,32.0309974596766,200.1,180.3,1.53913378606669
2017-09-30,13033.8303853,65.2424388,3892.5489803,8429.1231251,12321.6721053,3.17628259262155,2.7604146161164,61.677643,712.1582799,5.4639216,5.508234,1714735.207037,1714676.3897377,3.17920586304006,32.0462997124549,,,
2017-10-31,13029.4841671,65.1555751,3878.7813029,8446.5631464,12325.3444494,3.0453096804626,2.96781746499881,61.6344358,704.1397177,5.4042026,5.4989009,1717649.246874,1718466.3867937,3.21685701880305,32.044793324378,,,
2017-11-30,13081.8784506,65.3523429,3881.7417981,8486.6008693,12368.3426674,3.17859484279848,3.14126265590113,61.7877757,713.5357832,5.4543832,5.4985906,1729475.877701,1721129.7339479,3.16148905758613,32.026095106593,205.1,186.7,1.56781765535051
2017-12-31,13135.8817711,65.5567489,3906.7915988,8491.2898949,12398.0814937,3.16422116571013,3.2563680318818,61.8746369,737.8002774,5.6166787,5.5106127,1721805.981999,1722850.8527299,3.0618173989935,31.9960993959623,,,
2018-01-31,13164.71579,65.5826708,3954.5036899,8482.9641844,12437.4678743,3.30747157289872,3.27042759142004,61.9597396,727.2479157,5.5242204,5.5263668,1717119.331883,1723842.4565972,2.9359887562609,31.9629551147783,,,
2018-02-28,13156.1961182,65.4227615,3925.6937036,8496.1705198,12421.8642234,3.38479376646272,3.17371500919164,61.7710966,734.3318949,5.581643,5.5326483,1721887.965448,1724691.5362156,2.79092819652047,31.9391420526138,213.1,193.4,1.61976910411971
2018-03-31,13170.7448846,65.377917,3969.4666076,8472.9223329,12442.3889405,3.03663219452235,2.99207481505315,61.7624499,728.3559441,5.5301044,5.5213701,1723244.701132,1726293.1706621,2.65753305901069,31.9335131666181,,,
2018-04-30,13191.9297893,65.4069536,3945.6096111,8514.9456994,12460.5553105,2.70008156171186,2.7668914662634,61.7807233,731.3744789,5.5441053,5.4906094,1735765.785093,1728771.8425019,2.5271654742979,31.9387722403295,,,
2018-05-31,13168.0681445,65.2128432,3960.9374383,8491.3758067,12452.3132449,2.36302746399992,2.56781371547778,61.6681765,715.7548996,5.4355346,5.4411803,1729274.891151,1731917.9043964,2.38629954826735,31.9415399893314,223.5,202.9,1.6972876928295
2018-06-30,13228.7347866,65.4373044,3995.0558356,8527.0619818,12522.1178174,2.6627572056985,2.4348908223071,61.9419505,706.6169692,5.341531,5.381566,1737713.227863,1735498.4855747,2.2354310988453,31.9351299067942,,,
2018-07-31,13223.0245869,65.3105944,3970.062792,8552.8403613,12522.9031534,2.371075889908,2.36610390565368,61.8525847,700.1214335,5.2947148,5.3146388,1738412.482265,1738621.993472,2.0440928864059,31.9107293100186,,,
2018-08-31,13282.251529,65.5045276,3965.1086213,8620.6461968,12585.7548181,2.47404012324375,2.3494750304966,62.0695913,696.4967109,5.2438151,5.2419137,1740165.784266,1741233.1565434,1.84820785742401,31.8741223262914,227.1,206.5,1.70980047700616
2018-09-30,13267.5111237,65.3336325,3953.9569827,8647.5363103,12601.493293,2.2709676520254,2.35843841383385,62.0539394,666.0178307,5.0199154,5.1706155,1742863.640222,1743513.4406735,1.6817780374413,31.8344514119001,,,
2018-10-31,13289.5935861,65.368235,3942.6356661,8682.1587423,12624.7944084,2.42954637275534,2.35850175916943,62.0982517,664.7991777,5.0024041,5.1073342,1751421.479042,1746265.5370713,1.61767204125927,31.8128659828188,,,
2018-11-30,13325.2958555,65.4696727,3978.7293224,8665.7597513,12644.4890737,2.2326872219336,2.33931683920279,62.1247416,680.8067817,5.1091307,5.0602784,1749278.218371,1750189.3823782,1.68840546166404,31.8223987137807,232.4,210.7,1.74405133304472
2018-12-31,13339.5341321,65.4655437,4008.7407903,8661.4500161,12670.1908065,2.19476951283366,2.33138913836433,62.180652,669.3433256,5.0177414,5.0319824,1746051.832742,1755074.6775867,1.8703780890691,31.8519544226546,,,
2019-01-31,13390.8438572,65.6041804,3987.2346016,8727.4419442,12714.6765458,2.22881919617102,2.37450922790374,62.2915137,676.1673114,5.049475,5.0271087,1763996.027877,1760225.3033642,2.11056681123973,31.8805480812272,,,
2019-02-28,13393.9103217,65.5064006,3994.055624,8731.1309767,12725.1866007,2.44184264008143,2.47364689101808,62.2358334,668.723721,4.9927445,5.0460803,1766885.870005,1764489.0182592,2.30751303684864,31.8873612003747,232.5,211.4,1.73586349628844
2019-03-31,13432.4010677,65.5819108,3976.1475972,8772.7371189,12748.8847161,2.46331935985664,2.5930020478639,62.2447332,683.5163515,5.0885642,5.0834269,1775516.439899,1767145.0370713,2.36645009685879,31.8629956891495,,,
2019-04-30,13489.81357,65.7980693,4023.5690616,8762.3047756,12785.8738373,2.61078674821071,2.69253221984784,62.3645248,703.9397327,5.2183059,5.1306518,1769905.799298,1768233.7996031,2.28265848222575,31.8112959412235,,,
2019-05-31,13492.9742493,65.7494324,4050.1756421,8741.7503233,12791.9259654,2.72730627491315,2.73471002905423,62.3333192,701.0482839,5.1956542,5.1811006,1761802.815444,1768140.1674326,2.09145381223041,31.7415433750688,227.2,205.1,1.68383927666494
2019-06-30,13515.4208395,65.7947892,4040.8045872,8763.8541727,12804.6587599,2.2563351233399,2.69343872252858,62.3347089,710.7620796,5.2588971,5.2259159,1764136.298722,1767487.1181415,1.84319564855209,31.6707252539015,,,
2019-07-31,13552.2443351,65.8752847,4031.3037099,8805.9730062,12837.2767161,2.51038883595172,2.58021737332867,62.3999419,714.967619,5.27564,5.2547625,1768205.838967,1767434.3848238,1.65719699048914,31.6235954518671,,,
2019-08-31,13597.762589,65.9977499,4081.8696699,8800.9424903,12882.8121602,2.3602663995392,2.41664950924234,62.527685,714.9504288,5.2578534,5.2613611,1772821.015422,1768849.4313456,1.58601820200934,31.6156131481289,221.8,198.1,1.63115070253857
2019-09-30,13614.8237879,65.9819309,4069.0131924,8833.8727874,12902.8859798,2.39172199510211,2.23472312144077,62.5316452,711.9378081,5.2291371,5.2473828,1774368.187796,1771347.2446937,1.5964203871837,31.6356929396377,,,
2019-10-31,13573.5399761,65.7020805,4041.4573288,8812.2304857,12853.6878146,1.81304660333879,2.081098591154,62.21767,719.8521615,5.3033487,5.218711,1767614.291181,1774138.1876393,1.59612899506372,31.6617285736501,,,
2019-11-30,13576.4918612,65.6367631,4071.227719,8802.9806407,12874.2083598,1.81675419829976,1.96811109859945,62.2415108,702.2835015,5.1727906,5.1852123,1773276.618943,1775873.0951271,1.46748191981374,31.6661614238728,230.6,206.1,1.69852420166823
2019-12-31,13609.795661,65.7181685,4113.1939723,8810.799727,12923.9936994,2.0031497297562,1.86443257916085,62.4066089,685.8019617,5.039032,5.160442,1784928.853631,1775471.549404,1.1621654666767,31.6323627605503,,,
2020-01-31,13647.4103927,65.7963971,4077.0445416,8854.0399289,12931.0844705,1.70203248128624,1.72248972758813,62.3428727,716.3259222,5.2488047,5.1641854,1779924.196908,1772608.2693465,0.70348755688452,31.5611855903465,,,
2020-02-29,13627.427328,65.5971305,4095.6143403,8835.0472119,12930.6615522,1.6147107146444,1.53147917759264,62.2431713,696.7657758,5.1129664,5.2039418,1770263.321109,1768351.4283636,0.21889680606857,31.4751266054978,227.4,202.4,1.66869354373856
2020-03-31,13634.4029891,65.528053,4096.5091931,8829.2085109,12925.717704,1.38704672477497,1.30486686495443,62.1220537,708.685285,5.1977728,5.2764927,1762911.234458,1765074.5698222,-0.1171645340742,31.4157301061693,,,
2020-04-30,13177.2762262,63.3087131,3746.5823909,8600.5202158,12347.1026067,-3.431687471528,-4.10381208855124,59.3202391,830.1736195,6.3000396,6.7353916,1580809.560336,1592661.1255938,-9.92926806674033,29.8788384770555,,,
2020-05-31,12957.4753261,62.2307447,3571.5202244,8480.2058383,12051.7260627,-5.78646174705917,-4.28766646490363,57.8807113,905.7492634,6.9901678,6.8493901,1596779.522918,1595744.9505261,-9.75008769563919,29.9300142437191,128.4,110.6,0.990933779679798
2020-06-30,13264.28444,63.6817867,3827.6073406,8452.3095135,12279.9168541,-4.09805458809507,-3.54860795304581,58.9558411,984.3675859,7.4211888,6.8819621,1660189.092559,1659559.5395037,-6.10627243220222,30.8308919732,,,
2020-07-31,13413.8379991,64.4093789,3907.0056724,8509.4398939,12416.4455663,-3.27819645168362,-3.45336056072011,59.6201883,997.3924328,7.4355485,6.9321585,1678958.44381,1667868.9735426,-5.63332999154739,30.9095522518314,,,
2020-08-31,13466.9602487,64.6740991,4009.0151822,8542.9954368,12552.010619,-2.56777431112418,-2.47969314800888,60.2801199,914.9496298,6.7940323,6.8895799,1682707.709523,1676466.0566496,-5.22279471948734,30.7263128484333,203.3,181.2,1.50962055464317
2020-09-30,13451.7058384,64.6104598,4010.4780238,8509.2209632,12519.6989871,-2.96977740716219,-2.11893369920492,60.1338981,932.0068514,6.9285402,6.8431319,1682605.855097,1690162.3936262,-4.58322620314564,30.8392202006858,,,
2020-10-31,13603.4404567,65.3343517,4067.1520052,8590.8307902,12657.9827954,-1.52255929988985,-1.731754743194,60.7935251,945.4576613,6.9501364,6.7522505,1711075.90319,1729773.8514753,-2.50061333852646,31.4140046818342,,,
2020-11-30,13673.3240071,65.6650578,4081.4171889,8660.5162365,12741.9334254,-1.02744130515265,-1.24778004136904,61.1921281,931.3905817,6.8117349,6.6255855,1747521.679581,1736999.1290793,-2.1890058560191,31.3643453371508,260.1,234.4,1.90224410585854
2020-12-31,13695.9202283,65.7686376,4092.6145688,8705.0125,12797.6270688,-0.97776765866008,-0.94155293009772,61.4549795,898.2931596,6.5588376,6.4438211,1743877.21665,1744255.1456659,-1.75820354590186,31.3715814814988,,,
2021-01-31,13701.0607644,65.7733991,4071.7528108,8769.4047118,12841.1575226,-0.69543237541408,-0.65821578173477,61.6453422,859.9032418,6.27618,6.2881967,1729851.67071,1751118.9335807,-1.21230032249158,31.3851512543299,,,
2021-02-28,13694.1565851,65.7203659,4065.0970853,8828.3353445,12893.4324298,-0.28791351664189,-0.370138001505,61.8775674,800.7241553,5.8471958,5.8764171,1748719.442991,1756986.178451,-0.64270312621724,31.3890176655025,287.8,259.7,2.10162632661249
2021-03-31,13732.0869443,65.8824517,4156.670992,8796.4369085,12953.1079005,0.21190464720982,-0.07307538039152,62.1451429,778.9790438,5.6726923,5.626501,1796807.41549,1761394.8553605,-0.20847359792118,31.3731626612593,,,
2021-04-30,13696.6781447,65.681478,4126.8446507,8821.4661289,12948.3107796,4.86922472462294,5.61819472067333,62.0927338,748.367365,5.4638603,5.437861,1765846.982281,1764592.660005,10.7952364535235,31.3433966825228,,,
2021-05-31,13741.2401457,65.8639948,4136.766036,8902.0805545,13038.8465905,8.19069835029798,5.85916983860715,62.4973085,702.3935552,5.1115732,5.2473122,1799746.902059,1767150.6710897,10.7414233400575,31.3103945835861,366.7,336.6,2.6686092092987
2021-06-30,13749.7784243,65.8737689,4121.8453546,8937.6009134,13059.446268,6.34800237788036,5.07842506365157,62.5664588,690.3321563,5.0206784,5.0716642,1772294.289161,1769264.6714947,6.61049690472737,31.2804147120379,,,
2021-07-31,13733.647342,65.7752914,4140.2169074,8944.7733712,13084.9902787,5.38434859501598,5.0148644159443,62.6686435,648.6570633,4.7231231,4.8641968,1771840.706482,1761300.2123015,5.601833251952,31.0823177361053,,,
2021-08-31,13572.9812956,64.9848557,4047.7101388,8904.4622754,12952.1724142,3.18802945078993,4.03776151901842,62.0125407,620.8088814,4.5738579,4.7387121,1701236.042519,1720988.4221257,2.65572722450924,30.3181454918856,329.2,297.9,2.42540671670061
2021-09-30,13460.4310889,64.4252276,3892.5161641,8934.431392,12826.9475561,2.45412105607794,3.78664180475063,61.3932058,633.4835328,4.7062648,4.6431016,1722345.760966,1726594.3070584,2.1555273960413,30.35454996232,,,
2021-10-31,13483.9923434,64.4703251,3878.6362308,8899.1309739,12777.7672048,0.9463151541297,3.58541390833569,61.0936868,706.2251386,5.2375077,4.6158523,1719554.114506,1734404.329083,0.26769265842184,30.4078503697025,,,
2021-11-30,13782.3444984,65.8277987,4122.7127126,9020.9416749,13143.6543875,3.15274730049369,3.35401842673106,62.7772608,638.6901108,4.634118,4.556782,1789174.405214,1805484.3891392,3.94273427737415,31.5430000960668,406.5,372.1,2.94942562237645
2021-12-31,13807.9024063,65.8808608,4141.2172756,9085.4898834,13226.707159,3.3528097661642,3.37104270541646,63.1078369,581.1952473,4.2091494,4.3047438,1822382.431208,1814242.6480148,4.01245784040274,31.5662414814761,,,
2022-01-31,13869.911015,66.0376859,4165.8941726,9126.2167653,13292.1109379,3.51178166381292,3.46805186541985,63.2866531,577.8000771,4.1658528,4.0840442,1740685.657205,1815301.5004791,3.66523173655366,31.4449621811645,,,
2022-02-28,13928.1204146,66.1757962,4145.1778399,9221.4718925,13366.6497324,3.67021974308621,3.68974263763653,63.5081161,561.4706822,4.0312021,4.0237431,1813310.656298,1821574.7735478,3.67610149066413,31.3848882097589,422.8,385.0,3.03558547323302
2022-03-31,13943.7868603,66.1116261,4149.4431606,9239.0330902,13388.4762508,3.36111112208983,3.85097633293392,63.478734,555.3106096,3.982495,3.9500668,1812886.297158,1827207.596158,3.73639905880332,31.3385491064762,,,
2022-04-30,13989.1652226,66.2210415,4109.352856,9341.1199963,13450.4728523,3.87820528289415,4.02961036731544,63.671013,538.6923703,3.8507828,3.85929,1820781.765639,1833320.5657,3.89483121247967,31.3027886623674,,,
2022-05-31,14042.0354308,66.3655229,4099.3622906,9389.4562358,13488.8185264,3.45101027745696,4.20533042543931,63.750907,553.2169044,3.9397202,3.7571088,1846872.270881,1840813.1342681,4.16843138412055,31.2993075927505,473.1,432.3,3.3691696786514
2022-06-30,14090.6283502,66.4893555,4148.2261269,9434.8761984,13583.1023252,4.00978760089648,4.36839925289645,64.0944958,507.526025,3.6018694,3.6546227,1854003.83276,1850021.5865606,4.56443382197167,31.3391685365908,,,
2022-07-31,14078.8228961,66.2808976,4206.3297357,9387.0848256,13593.4145612,3.88555338346428,4.51384054422843,63.995671,485.4083349,3.4477906,3.5646908,1850550.136298,1860155.7551736,5.6126458273076,31.4091013923267,,,
2022-08-31,14165.0347747,66.5337941,4166.7430074,9498.6052032,13665.3482106,5.5062253156707,4.61596968620117,64.1867442,499.686564,3.5276056,3.5063749,1872624.991343,1870296.7015044,8.67572828841463,31.4946805116635,466.7,421.1,3.29473246923168
2022-09-30,14184.4658274,66.4725721,4146.8298969,9526.5693491,13673.399246,6.59901107569012,4.63236607239141,64.077564,511.0665814,3.603002,3.4837238,1876062.514443,1880021.9810706,8.8861450188374,31.5885997158085,,,
2022-10-31,14200.5125377,66.3946356,4140.4875885,9571.9386873,13712.4262758,7.31472921692369,4.54497191077008,64.1125835,488.0862619,3.4371031,3.4919467,1909067.023294,1889590.6857818,8.94753052080126,31.6883743491048,,,
2022-11-30,14283.2663759,66.6282338,4188.9586484,9591.9653588,13780.9240072,4.84849647527297,4.38314750443025,64.2849193,502.3423686,3.5169992,3.5177394,1904231.703807,1899074.9856737,5.18368350884058,31.7849099049557,451.3,404.4,3.15964141620626
2022-12-31,14281.6386383,66.4680393,4130.9400404,9647.1956179,13778.1356583,4.16905351174108,4.19842065487617,64.1246908,503.5029799,3.5255267,3.5478301,1903253.525821,1908493.0104693,5.1950251835184,31.8681564146865,,,
2023-01-31,14325.456327,66.4762528,4166.6932385,9634.3354641,13801.0287026,3.82872041226285,4.0349128965585,64.0426841,524.4276244,3.6608092,3.5670835,1919938.641788,1917313.1103955,5.61954088009495,31.9239222304997,,,
2023-02-28,14358.0067763,66.4322835,4147.4071794,9692.3169574,13839.7241368,3.5392144918206,3.81714266448139,64.0342696,518.2826395,3.6097116,3.5758967,1922790.420496,1925641.6877122,5.7130190687541,31.9580292872389,439.1,392.4,3.05822393624162
2023-03-31,14449.213408,66.6591749,4150.4926492,9779.4078396,13929.9004888,4.04395711549064,3.69671159526361,64.2634064,519.3129192,3.5940567,3.5803999,1935298.329272,1933103.6785457,5.7955145660714,31.9728357579391,,,
2023-04-30,14465.1787185,66.5879439,4174.5186084,9755.071415,13929.5900234,3.56208422083892,3.56770241775255,64.1224541,535.5886951,3.7026068,3.584336,1952719.735146,1938617.7892984,5.74352492239651,31.9604194723565,,,
2023-05-31,14540.2603818,66.7885454,4200.6919404,9818.0738576,14018.765798,3.92878939369523,3.43350076761582,64.3931368,521.4945838,3.586556,3.5914675,1940160.65777,1941422.8193334,5.46550234743421,31.9141977589316,422.3,375.8,2.9043496396295
2023-06-30,14539.7538822,66.6418454,4193.010877,9835.6419987,14028.6528757,3.28018253733828,3.3095473446731,64.2992531,511.1010065,3.5151971,3.6064058,1943458.913415,1941188.1267448,4.92786359069943,31.8300881745456,,,
2023-07-31,14569.2132521,66.6081741,4222.8876437,9805.0737085,14027.9613522,3.19674493147835,3.21319041108374,64.1336547,541.2518999,3.7150386,3.6328092,1943618.14258,1938402.647974,4.20646994655014,31.7113691307439,,,
2023-08-31,14639.4702324,66.7607046,4271.7948683,9828.8850046,14100.6798729,3.18566095492774,3.15102633444688,64.3036468,538.7903595,3.6803952,3.6752777,1931451.9187,1933630.6592341,3.38630537490423,31.56651729772,399.8,355.5,2.73097314078459
2023-09-30,14615.7185519,66.4848543,4311.199195,9783.5840857,14094.7832807,3.0817796446869,3.13099579832854,64.1151928,520.9352712,3.5642125,3.7297715,1923150.3395,1927440.5746013,2.52223612320197,31.4021391318508,,,
2023-10-31,14706.8629892,66.7749565,4353.7617909,9797.1528734,14150.9146643,3.19774472934709,3.13059653072534,64.2507319,555.9483249,3.7801965,3.7883838,1925933.30186,1921793.9340093,1.70424465307821,31.2501070087334,,,
2023-11-30,14781.2566635,66.9880703,4359.8882717,9840.0425704,14199.9308421,3.04048432950568,3.10759733047574,64.3535246,581.3258214,3.9328579,3.843078,1920673.30884,1918723.9416009,1.03465929862845,31.1458866875914,385.1,342.4,2.60532652105923
2023-12-31,14734.2324098,66.6511497,4397.3251157,9749.6367374,14146.961853,2.67689478349575,3.02771990257409,63.9945975,587.2705568,3.985756,3.8920457,1913359.51298,1919356.6237741,0.56922468383203,31.1077036913833,,,
2024-01-31,14748.919213,66.5655212,4392.7066819,9752.859233,14145.5659149,2.49646037063231,2.86949658778426,63.8424385,603.3532981,4.0908306,3.9318803,1914883.24212,1923354.1345822,0.31507760281544,31.131198675654,,,
2024-02-29,14806.1138284,66.6716912,4424.0805101,9828.3978827,14252.4783928,2.9823878851926,2.67396040966597,64.1786798,553.6354356,3.7392353,3.9605864,1927104.76709,1929193.758986,0.18446169380661,31.1831544060661,359.7,320.0,2.42940182798034
2024-03-31,14808.0614871,66.5291707,4384.3021388,9846.8017596,14231.1038984,2.1622796935425,2.48133980325727,63.9370347,576.9575887,3.8962398,3.9823178,1952426.45978,1935058.4379766,0.10112025819384,31.230238435068,,,
2024-04-30,14874.1743114,66.7467117,4440.6856876,9826.5946992,14267.2803868,2.4242663483471,2.3290752258575,64.023322,606.8939246,4.0801856,4.0055142,1944164.102,1939936.7237225,0.06803478392599,31.2542291661449,,,
2024-05-31,14894.3459058,66.757835,4439.6633275,9858.928684,14298.5920116,1.99608309056651,2.22977576593415,64.087611,595.7538942,3.9998661,4.0360519,1938345.6445,1943307.9817117,0.0971021026191,31.2484174758746,346.3,307.5,2.32504335665487
2024-06-30,14922.0737626,66.8027476,4428.7001408,9892.0653594,14320.7655003,2.08225712895063,2.1825851878515,64.1108266,601.3082623,4.0296561,4.0649479,1942289.48169,1945644.4441833,0.22956648956909,31.221718781086,,,
2024-07-31,15005.7862171,67.074727,4435.7463597,9940.0210941,14375.7674538,2.47937738683215,2.16029723095568,64.2585909,630.0187633,4.1985055,4.0816105,1947617.25846,1948648.1823556,0.52855552959072,31.2048635231786,,,
2024-08-31,15029.0814513,67.0762276,4462.869303,9945.7890456,14408.6583485,2.18413919311722,2.16401001696918,64.30722,620.4231028,4.1281505,4.0799328,1959835.17053,1953613.9898297,1.03346161275262,31.2172017632996,332.7,296.6,2.21370814362858
2024-09-30,15051.2264334,67.0725978,4467.5713146,9978.1763288,14445.7476433,2.4900302162189,2.18085208506122,64.37441,605.4787901,4.0227871,4.0658992,1962076.1131,1960384.075272,1.7091837281424,31.2571863832113,,,
2024-10-31,15060.2267523,67.0213467,4478.1563652,9965.6967677,14443.8531329,2.07010271455474,2.19053440538766,64.2783475,616.3736194,4.0927247,4.0500733,1956978.20357,1967421.5929851,2.37422223935375,31.3062791826147,,,
2024-11-30,15056.0133603,66.9115051,4444.3188088,10018.943718,14463.2625268,1.85445751552022,2.20076923623451,64.2772187,592.7508335,3.9369707,4.0371027,1972686.09814,1972532.2272365,2.80437870550074,31.3298378679379,346.3,310.3,2.30007766141554
2024-12-31,15115.042487,67.0826466,4514.9989259,9995.8575152,14510.8564411,2.57224548903998,2.20824395789787,64.4011855,604.1860459,3.9972501,4.0262707,1980823.37722,1975188.3374767,2.90887649595915,31.3209454862383,,,
2025-01-31,15169.7979374,67.1922881,4523.7450928,10020.295315,14544.0404078,2.81695688456178,2.21493039614145,64.4205913,625.7575296,4.1250222,4.0243921,1979476.91457,1975572.2488159,2.71495058007312,31.2834878532476,,,
2025-02-28,15083.33424,66.6772477,4486.870303,9982.3445441,14469.214847,1.5206930908907,2.1892885835979,63.9624772,614.1193929,4.0715095,4.0379599,1975372.95707,1974973.9618221,2.37302254492895,31.2392209915688,325.0,287.9,2.15469600307684
2025-03-31,15116.7024092,66.6928985,4521.9938189,9978.2785656,14500.2723845,1.89140974601598,2.11736874213964,63.9732905,616.4300247,4.0778075,4.0645942,1967280.09997,1974595.4599232,2.04319524261718,31.2075541835622,,,
2025-04-30,15221.3444513,67.0778492,4561.2018081,10043.1151493,14604.3169574,2.36230424763941,2.0038709833078,64.3587151,617.0274939,4.053699,4.1018278,1967898.60277,1975205.0404867,1.81801376987825,31.1972820730129,,,
2025-05-31,15221.1921689,67.0006437,4508.4179542,10089.6185746,14598.0365288,2.09422380159576,1.86059198044042,64.2576372,623.1556402,4.0940002,4.1492331,1999618.76425,1977049.0536654,1.73626992073486,31.2102784120069,336.7,299.2,2.21204749446595
2025-06-30,15227.9189197,66.9538539,4536.9433465,10034.3071439,14571.2504904,1.74910335690333,1.70916152827971,64.0666254,656.6684294,4.3122664,4.203468,1978529.41885,1979749.1669598,1.75287539706752,31.2351376520866,,,
2025-07-31,15259.6711833,66.9874606,4508.2631251,10103.5314908,14611.7946159,1.6418404294486,1.56617222663253,64.1433885,647.8765674,4.2456784,4.2576447,1985088.33927,1982359.3595092,1.72997760492861,31.2551905598487,,,
2025-08-31,15246.4232613,66.8237207,4542.2706355,10056.472048,14598.7426836,1.3192368817586,1.43671933864473,63.9849942,647.6805778,4.2480821,4.2979649,1977364.30227,1984801.0553486,1.59637808089297,31.266336822108,327.9,289.1,2.15066835270347
2025-09-30,15289.3473873,66.9063146,4548.3668818,10060.322231,14608.6891128,1.12795456160122,1.31301879647192,63.9277482,680.6582746,4.4518465,4.3192155,1986939.32266,1987381.846803,1.37716745772147,31.2769775875869,,,
2025-10-31,15305.5404449,66.8944908,4534.4632555,10107.8716005,14642.334856,1.37416049078969,1.2171720113703,63.9958803,663.2055889,4.3331079,4.3189843,1993099.94871,1990427.4132397,1.16933860727297,31.2914844015201,,,
2025-11-30,15264.0017295,66.6306845,4567.9859246,10036.2127965,14604.1987211,0.97444261997492,1.15095569247967,63.7505009,659.8030084,4.3226083,4.307493,1991401.80845,1994517.0217292,1.1145467835271,31.3185608097369,328.7,289.5,2.15343267004967
2025-12-31,15291.3612573,66.6679132,4576.7290585,10085.182732,14661.9117904,1.04098162581332,1.10689631489167,63.9236133,629.4494669,4.116373,4.2957985,1998443.45223,1999447.1577477,1.22817757733376,31.3585160570688,,,
2026-01-31,15323.5251205,66.6869806,4547.2584578,10151.0870733,14698.3455311,1.06095087041458,1.0877979667606,63.9662398,625.1795894,4.0798679,4.2935125,2009282.25047,2004165.8667851,1.44735875827058,31.3947605872467,,,
2026-02-28,15382.9209742,66.8242878,4623.7391195,10097.4661968,14721.2053163,1.74156284196891,1.10095639356675,63.9497571,661.7156579,4.3016255,4.3032953,2005077.60467,2007928.6829957,1.6686154759831,31.4146221762464,336.6,297.9,2.18814099457795
2026-03-31,15400.4345108,66.7794739,4584.0163885,10157.5353851,14741.5517736,1.66396452909336,1.16199451464591,63.9224218,658.8827372,4.2783386,4.324744,2013301.47738,2010676.1074663,1.8272425048776,31.4127771311748,,,
2026-04-30,15394.2283022,66.6711404,4565.9219488,10137.0308949,14702.9528437,0.67538856207872,1.26877361063518,63.677283,691.2754585,4.4904846,4.3532018,2031375.87858,2012747.9115532,1.90070753653249,31.391958282024,,,
2026-05-31,15421.0549237,66.7059561,4602.7462709,10144.200664,14746.9469349,1.02007147198337,1.41931782413809,63.7900066,674.1079888,4.3713481,4.3784343,2009439.43753,2014373.1682392,1.88786992940828,31.3544683155652,329.5,293.8,2.13668910220665
2026-06-30,15510.1313822,67.0096329,4649.7903227,10173.4991317,14823.2894544,1.72970030380062,1.58345157683426,64.042216,686.8419279,4.4283437,4.3955908,2014341.98428,2015123.136421,1.7867904708111,31.2976608115658,,,
